narr86,nfarr86,nparr86,pcnv,avgsen,tottime,ptime86,qemp86,inc86,durat,black,hispan,born60
0,0,0,0.38,17.6,35.2,12,0,0,0,0,0,1
2,2,0,0.44,0,0,0,1,0.8,0,0,1,0
1,1,0,0.33,22.8,22.8,0,0,0,11,1,0,1
2,2,1,0.25,0,0,5,2,8.8,0,0,1,1
1,1,0,0,0,0,0,2,8.1,1,0,0,0
0,0,0,1,0,0,0,4,97.6,0,0,0,1
2,2,1,0.44,0,0,0,0,0,1,1,0,1
5,3,5,0.75,0,0,0,0,0,3,0,0,1
0,0,0,0.33,10.9,21.8,9,0,0,19.3,1,0,1
0,0,0,0.23,0,0,0,3,16.7,0,0,1,1
1,1,0,0,0,0,0,4,162.5,0,0,0,1
0,0,0,0.17,31.7,63.4,12,0,0,0,0,1,0
0,0,0,0.33,0,0,0,4,32.9,0,0,0,1
0,0,0,0,0,0,0,0,0,14,0,0,1
1,1,0,0,0,0,0,4,174.5,0,0,0,1
0,0,0,0.2,59.2,59.2,3,1.7,14.3,4.3,1,0,1
1,1,0,0.38,0,0,0,0,0,18,1,0,1
0,0,0,0.5,0,0,0,4,154,0,0,0,1
0,0,0,0.6,7.9,23.7,0,0,0,11,1,0,0
0,0,0,0.5,0,0,0,4,100.3,0,0,0,0
3,2,0,0.47,5.6,22.4,0,0,0,4.8,0,1,1
1,0,0,0.17,4,4,0,2,16.2,0,1,0,1
0,0,0,0.22,6.9,20.7,0,4,144.1,0,0,1,1
0,0,0,0.47,31.9,31.9,12,0,0,0,1,0,1
0,0,0,0.36,18.7,37.4,0,0,0,5,0,0,1
0,0,0,0.4,0,0,2,0,0,19,1,0,0
0,0,0,0.33,0,0,0,2,17.1,0,0,0,1
0,0,0,0.5,0,0,0,0,0,15,0,1,1
0,0,0,0.33,6.3,25.2,12,0,0,0,0,0,0
0,0,0,0.2,0,0,0,3,54.1,0,0,0,1
2,0,0,0,0,0,0,1,11.2,1,0,0,0
0,0,0,1,0,0,0,0,0,7,0,0,1
1,0,0,0.4,0,0,5,0,0,15,0,0,1
0,0,0,0.33,36.1,36.1,0,4,7.6,0,0,1,0
2,1,0,0.67,0,0,0,1,0.5,0,0,1,1
0,0,0,1,0,0,0,3,16.8,1,0,0,1
0,0,0,0.33,0,0,12,0,0,0,0,0,0
0,0,0,0,0,0,0,4,63,0,0,1,1
2,2,2,0,0,0,1,2,52.6,0,0,0,0
1,1,1,0.43,0,0,0,1,15.9,1,0,1,1
0,0,0,0.5,0,0,0,0,0,6,0,0,1
0,0,0,0,0,0,0,0,0,1,0,0,0
3,0,0,0.39,11.3,11.3,0,3,29.7,0,0,1,0
0,0,0,0.5,0,0,0,0,0,1,1,0,1
3,2,2,0.44,0,0,0,1,3.8,0,0,1,1
0,0,0,0,0,0,0,0,0,8,0,0,1
0,0,0,0,0,0,0,0,0,9,0,1,1
2,1,1,0,0,0,0,0,0,1,0,0,0
0,0,0,0.57,0,0,0,4,91.5,0,0,0,1
2,1,1,0.41,0,0,0,1,1.8,13,0,1,0
1,1,1,0,0,0,0,4,144,0,1,0,0
0,0,0,0.1,0,0,0,4,45.6,0,0,1,0
0,0,0,1,0,0,0,4,66.5,0,0,0,1
1,1,0,0.83,0,0,0,1,6.2,0,0,1,1
1,1,0,0,0,0,0,4,90.1,0,0,0,1
0,0,0,0.33,0,0,8,0,0,2,1,0,1
0,0,0,0,0,0,0,4,169.3,0,0,0,0
0,0,0,0,0,0,0,0,0,1,0,0,0
0,0,0,0.5,0,0,0,0,0,11,0,0,0
0,0,0,0.33,0,0,12,0,0,0,0,1,1
1,0,0,0.33,0,0,0,0,0,1,1,0,1
0,0,0,0.6,6.2,6.2,0,0,0,5,0,0,1
1,0,1,0,0,0,0,1,17.2,13,0,0,1
0,0,0,1,0,0,0,2,3.3,12,0,0,0
1,0,0,0,0,0,0,0,0,9,0,0,0
1,1,0,0.33,12.9,25.8,6,0,0,1,1,0,1
0,0,0,0,0,0,0,4,103.7,0,0,0,1
0,0,0,1,11.8,35.4,12,0,0,0,1,0,0
0,0,0,0.5,5.6,5.6,0,4,60.7,0,0,0,1
1,1,0,0.5,0,0,0,4,51.8,0,0,1,0
3,2,0,0,0,0,0,0,0,1,1,0,1
3,2,1,0.5,0,0,0,0,0,8,0,1,0
0,0,0,1,0,0,0,2,46.2,15,0,0,1
0,0,0,0.25,0,0,0,1,3.8,0,0,0,0
1,1,0,1,0,0,0,2,14.3,3,0,0,1
1,0,0,0.33,0,0,0,1,0.9,0,0,1,1
0,0,0,0.43,0,0,0,0,0,12,0,1,0
0,0,0,0.25,0,0,0,4,58.2,0,0,1,0
0,0,0,0.2,0,0,0,0,0,9,0,0,0
0,0,0,0,0,0,0,4,50.4,0,1,0,0
2,2,2,0.54,5.5,11,0,3,37.6,1,1,0,1
1,0,1,0.5,0,0,0,1,0.5,7,0,0,1
0,0,0,0.75,0,0,0,0,0,3,1,0,1
2,2,1,0.09,0,0,0,0,0,6,1,0,0
0,0,0,0.17,0,0,0,4,263.8,0,1,0,1
1,1,0,0.2,0,0,0,3,41,0,1,0,1
0,0,0,0.43,0,0,0,2,7.6,0,0,0,1
0,0,0,0.25,0,0,0,4,108.3,0,0,0,1
0,0,0,0,20.3,20.3,0,3,82.5,0,0,0,1
2,1,0,0.33,0,0,0,1,28.4,19,1,0,1
2,1,1,0.45,9.5,9.5,0,4,80.3,0,1,0,1
1,0,0,0.29,0,0,0,4,138.9,0,0,1,0
0,0,0,0.4,0,0,12,0,0,0,0,1,0
0,0,0,0.67,0,0,0,0,0,6,1,0,0
0,0,0,0,0,0,0,4,90.7,0,0,0,1
2,1,1,0,0,0,0,1,8.6,0,0,0,0
5,3,4,0,0,0,0,3,22.4,0,0,1,0
1,1,1,0.38,0,0,0,4,53,0,0,0,0
5,2,2,0.27,0,0,0,1,0.7,2,0,1,0
0,0,0,0.4,0,0,0,0,0,9,1,0,0
2,2,1,0.5,0,0,0,4,24.8,0,0,1,0
1,1,1,0.6,0,0,0,0,0,19,0,0,0
0,0,0,1,0,0,0,4,131.2,0,0,0,1
0,0,0,0,0,0,0,4,144.6,0,0,0,0
0,0,0,0,0,0,0,0,0,2,0,0,0
1,1,0,0,0,0,0,2,6.2,0,1,0,1
0,0,0,0.57,18.4,36.8,2,1.8,5.6,10.9,0,1,0
0,0,0,1,0,0,0,1,3.4,17,0,0,0
0,0,0,0.5,0,0,0,3,37.5,6,0,0,0
0,0,0,0.5,0,0,0,0,0,10,0,0,0
0,0,0,0.33,18.4,18.4,0,0,0,2,0,0,0
0,0,0,0.33,0,0,0,0,0,3,0,1,1
0,0,0,0.5,0,0,0,4,89.9,0,0,0,1
0,0,0,0.5,11,11,0,0,0,7,0,1,1
0,0,0,0.2,0,0,0,4,21.5,0,0,1,1
0,0,0,0,0,0,0,4,164.9,0,0,1,0
1,1,1,0.63,8.9,8.9,7,0,0,1.9,0,0,1
0,0,0,0,0,0,0,0,0,11,1,0,0
1,1,1,0,0,0,2,2,9.7,0,0,1,0
2,1,0,0.29,21.7,21.7,0,2,18.9,0,0,1,1
0,0,0,0.25,24.6,49.2,0,1,9.6,12.9,0,0,0
0,0,0,1,0,0,0,1,0.7,17,0,0,1
2,2,0,0,0,0,0,1,29.3,1,0,0,1
2,2,0,0.14,13.4,13.4,0,1,1,0,1,0,1
0,0,0,0,18.4,18.4,0,1,21.3,3,0,0,0
0,0,0,0.5,0,0,0,4,33.4,0,0,1,0
0,0,0,0,0,0,0,4,117.8,0,0,0,1
0,0,0,0.33,0,0,0,2,29.1,0,0,0,1
0,0,0,1,0,0,0,4,240.8,0,0,0,1
0,0,0,0,0,0,0,4,140.6,0,0,0,1
0,0,0,1,0,0,0,4,148.3,0,0,0,1
0,0,0,0.75,0,0,0,4,14.7,0,0,0,1
0,0,0,0.83,7.8,31.2,0,2,10.5,0,0,0,1
0,0,0,0,0,0,0,1,7.9,7,0,0,0
1,0,0,0.31,0,0,0,0,0,23,0,0,1
2,1,0,0.5,0,0,0,1,6.2,0,0,1,1
1,0,0,0.5,0,0,0,0,0,2,0,1,1
0,0,0,0.5,0,0,0,0,0,3,1,0,0
1,1,1,1,0,0,0,2,2.9,1,0,0,0
0,0,0,0.25,18.5,18.5,11,0,0,1,1,0,0
0,0,0,0.67,0,0,0,2,2.9,0,0,0,1
0,0,0,0.67,0,0,0,1,4.1,0,0,0,1
3,3,0,0.33,11.9,11.9,0,0,0,1,0,0,0
0,0,0,0.17,10.9,10.9,9,0,0,4,0,1,1
0,0,0,0,0,0,0,0,0,2,0,0,1
1,1,0,0.33,0,0,0,0,0,20,1,0,0
0,0,0,0.5,0,0,0,0,0,4,0,0,1
0,0,0,0.33,0,0,0,1,0.2,0,0,0,1
0,0,0,0,0,0,0,3,61.3,0,0,0,0
0,0,0,0,0,0,0,4,276.2,0,0,1,1
0,0,0,0.25,9.1,9.1,12,0,0,0,1,0,0
0,0,0,0.5,0,0,0,4,52.4,0,0,0,0
2,2,1,0.42,6.7,6.7,3,0,0,22,0,0,1
0,0,0,0.57,14.4,14.4,0,4,34.5,0,0,0,1
0,0,0,1,0,0,0,4,80.9,0,0,0,1
0,0,0,0.4,10.6,21.2,12,0,0,0,0,0,0
0,0,0,0.5,0,0,0,4,121.1,0,0,1,1
0,0,0,1,0,0,0,4,182.6,0,0,0,1
0,0,0,1,0,0,0,0,0,6,0,1,1
0,0,0,0.33,0,0,0,0,0,1,0,0,1
0,0,0,0.5,0,0,0,3,44.6,0,0,0,1
2,0,0,0.83,0,0,0,2,26.1,5,0,1,1
0,0,0,0.25,0,0,0,1,0.8,1,0,0,1
0,0,0,0.5,0,0,12,0,0,0,0,0,1
0,0,0,0,0,0,0,4,185.5,0,0,0,0
0,0,0,0.8,0,0,0,0,0,6,0,0,1
0,0,0,0.67,0,0,0,4,97.7,0,0,1,1
4,2,2,1,21.8,43.6,0,2,25.8,0,0,1,0
1,0,0,0.5,0,0,0,2,1.8,5,1,0,0
0,0,0,0,0,0,0,4,166.5,0,0,0,1
2,2,2,0,0,0,0,0,0,1,1,0,1
1,1,1,1,0,0,0,3,71.1,1,1,0,0
0,0,0,0.33,0,0,0,3,9.2,0,1,0,1
0,0,0,0.67,11.4,11.4,0,4,210.6,0,0,0,1
1,1,0,0,0,0,0,4,282.4,0,0,1,0
0,0,0,0.67,0,0,0,0,0,3,0,0,1
1,0,0,0,0,0,0,4,25.7,0,1,0,0
2,2,2,0.4,0,0,0,2,34.9,0,0,0,1
0,0,0,0.33,0,0,0,4,58.7,0,0,0,1
0,0,0,0.5,0,0,0,4,108.3,0,1,0,1
0,0,0,0.5,0,0,0,0,0,9,0,0,1
0,0,0,0,0,0,0,3,15.7,4,0,0,1
1,1,0,0.29,0,0,0,0,0,2,1,0,1
3,2,0,0.5,0,0,0,3,37.2,0,0,1,0
0,0,0,0.22,0,0,0,3,84.8,0,0,0,0
0,0,0,0.13,12.7,38.1,12,0,0,0,0,1,0
0,0,0,0.33,0,0,0,2,9.5,1,0,1,1
0,0,0,0.4,0,0,0,4,54.8,0,0,1,1
0,0,0,0.2,0,0,0,1,2,22,0,0,1
0,0,0,0.33,14.2,14.2,0,4,76.3,0,0,1,0
1,0,1,1,0,0,0,0,0,4,0,0,1
1,1,0,0.5,0,0,0,4,103.7,0,0,0,1
0,0,0,1,0,0,0,4,148.2,0,0,0,1
0,0,0,1,0,0,0,0,0,3,0,0,1
0,0,0,0.5,0,0,0,4,183.4,0,0,0,1
0,0,0,0.67,10.7,21.4,0,4,117.6,0,0,1,1
1,1,1,0.71,0,0,0,4,24.8,0,0,1,0
0,0,0,1,0,0,0,0,0,1,0,0,1
0,0,0,0,0,0,0,0,0,3,0,0,1
0,0,0,0.33,0,0,0,1,0.8,15,0,1,1
0,0,0,0.4,0,0,0,4,108.8,0,0,1,1
0,0,0,1,0,0,0,4,220.3,0,0,0,1
1,0,0,0,0,0,0,3,56.3,0,0,0,1
0,0,0,1,0,0,0,4,176.4,0,0,0,1
0,0,0,0,0,0,0,2,28.3,0,0,0,1
1,0,0,0.8,0,0,0,3,51.8,1,0,1,1
0,0,0,1,0,0,0,4,178.2,0,0,0,1
1,0,0,0,0,0,0,4,176.1,0,1,0,1
1,1,1,1,0,0,0,4,142.4,0,0,0,1
0,0,0,1,0,0,0,2,23.8,8,0,0,1
3,0,0,0.33,0,0,0,4,176.5,0,1,0,1
0,0,0,0,0,0,0,4,75.2,0,0,0,1
0,0,0,0.5,0,0,0,0,0,3,0,1,1
0,0,0,0.6,0,0,12,0,0,0,0,1,0
2,1,0,0.33,0,0,0,4,145.4,0,0,1,0
1,1,1,0,0,0,0,0,0,9,1,0,1
1,1,0,0.33,0,0,0,0,0,19,1,0,1
0,0,0,1,0,0,0,4,237.7,0,0,0,1
0,0,0,0,0,0,0,4,195.7,0,0,0,1
1,1,0,0,0,0,0,4,53.8,0,0,0,1
1,0,0,0.4,0,0,0,2,33.2,2,0,0,0
2,1,0,0,19.3,19.3,0,3,10.1,9,1,0,0
0,0,0,0.44,10,20,0,4,262.7,0,0,0,1
0,0,0,0,0,0,0,4,81.3,0,0,0,1
0,0,0,0.43,22,22,0,3,5.7,5.5,1,0,1
0,0,0,1,0,0,0,2,25.9,0,0,0,1
1,0,0,0.33,9.7,19.4,0,2,21,0,1,0,1
0,0,0,0,0,0,0,2,16.4,1,0,0,1
1,0,0,0.44,0,0,0,4,35.7,0,1,0,1
0,0,0,0,0,0,0,0,0,2,0,0,1
0,0,0,1,0,0,0,4,263.6,0,0,0,1
0,0,0,0.2,0,0,0,4,133.8,0,0,1,1
0,0,0,1,0,0,0,0,0,1,0,1,1
0,0,0,0.17,0,0,0,0,0,2,0,1,1
1,1,0,0.33,6.1,12.2,0,1,6.1,0,0,1,1
2,2,0,0,0,0,0,3,20.7,0,0,1,1
1,1,0,0.33,0,0,0,2,10,1,0,0,1
2,1,0,1,0,0,0,4,80,0,0,0,1
0,0,0,0,0,0,0,1,21.9,22,0,0,1
0,0,0,0.43,0,0,12,0,0,0,0,1,0
0,0,0,0.62,0,0,0,0,0,13,0,0,1
3,1,1,1,0,0,0,2,23.3,0,0,0,1
0,0,0,1,0,0,0,4,64.1,0,0,0,1
0,0,0,0.5,0,0,0,3,21.6,0,0,1,1
0,0,0,0.4,14.8,29.6,0,4,32.6,0,0,1,0
0,0,0,0.5,0,0,0,3,51.2,0,0,1,1
0,0,0,0.57,0,0,0,3,123.1,0,0,1,1
0,0,0,0.33,0,0,0,0,0,4,0,0,1
1,1,1,0,0,0,0,0,0,9,1,0,0
0,0,0,0.33,0,0,0,3,29.5,3,0,0,1
0,0,0,1,0,0,0,0,0,3,1,0,1
0,0,0,0,0,0,0,1,45.8,3,0,0,1
0,0,0,1,0,0,0,0,0,1,0,0,1
0,0,0,1,0,0,0,1,1,1,0,0,1
0,0,0,0.57,0,0,0,0,0,22,0,0,1
0,0,0,0.33,0,0,0,1,1.9,5,0,0,1
0,0,0,0.5,0,0,0,4,230.1,0,0,0,1
1,1,0,0,0,0,0,3,31.4,0,1,0,1
1,0,0,0.22,13.7,13.7,0,0,0,11,0,1,1
0,0,0,0.6,0,0,12,0,0,0,0,0,1
2,1,2,0.5,0,0,0,2,11.6,0,0,1,0
0,0,0,0.8,15,30,7,0,0,11.4,0,0,0
1,0,0,0,0,0,0,3,28.3,0,0,0,1
3,3,2,0.5,0,0,0,1,3.8,5,0,0,1
0,0,0,0.29,0,0,0,4,285.2,0,0,0,1
0,0,0,0.5,0,0,0,2,18,0,0,0,1
1,0,0,0.44,12.4,12.4,2,1,0.2,5,0,1,1
0,0,0,0,0,0,0,4,155.6,0,0,0,1
0,0,0,0.5,0,0,0,3,114,0,0,1,1
0,0,0,0,0,0,0,0,0,2,0,0,1
0,0,0,0.5,0,0,0,4,345,0,0,0,1
1,1,1,0.38,0,0,0,0,0,5,0,1,1
0,0,0,0,0,0,0,4,209,0,0,1,1
0,0,0,0.5,0,0,12,0,0,0,0,0,1
0,0,0,0.3,0,0,0,1,0.2,9,0,0,0
0,0,0,0.5,0,0,0,0,0,2,0,0,0
0,0,0,0.4,0,0,0,0,0,12,1,0,0
0,0,0,0.67,0,0,0,4,55.9,0,0,0,1
0,0,0,0.33,8.6,8.6,0,3,14,0,0,1,1
0,0,0,1,0,0,0,4,295.9,0,0,1,1
0,0,0,1,0,0,0,4,243.1,0,0,0,1
0,0,0,1,0,0,0,1,20.1,0,0,0,1
0,0,0,0,0,0,0,2,45.9,2,1,0,1
1,0,0,0.33,0,0,0,4,187.8,0,0,0,1
0,0,0,0.08,0,0,0,0,0,2,1,0,1
0,0,0,0.38,9.6,9.6,6,1,1.3,0,1,0,0
0,0,0,0.67,0,0,0,4,90.5,0,0,1,0
0,0,0,1,0,0,0,4,166.2,0,0,0,1
1,1,0,0.6,0,0,0,4,28.8,0,0,1,1
1,1,0,1,0,0,0,2,16.2,4,0,0,1
0,0,0,0,0,0,0,4,142.3,0,0,0,1
0,0,0,0.5,0,0,0,1,3.5,0,0,0,1
0,0,0,0.4,0,0,0,1,1,12,0,1,1
0,0,0,0.75,0,0,0,4,94.5,0,0,0,1
0,0,0,1,0,0,0,4,188,0,0,0,1
0,0,0,0,0,0,0,1,6.8,14,0,0,1
0,0,0,0.5,0,0,0,3,36,0,0,1,1
0,0,0,0.57,0,0,0,0,0,1,0,0,1
0,0,0,0.25,0,0,0,4,230.8,0,0,0,1
0,0,0,0.5,0,0,0,4,180.3,0,0,0,1
0,0,0,1,0,0,0,3,68.9,0,0,0,1
0,0,0,0,0,0,0,0,0,1,0,0,1
0,0,0,0.29,0,0,11,0,0,0,0,0,1
0,0,0,0.5,0,0,0,2,21.3,0,0,0,1
0,0,0,1,0,0,0,4,128.9,0,0,0,1
0,0,0,0.17,0,0,0,3,28.3,0,0,1,0
0,0,0,0,0,0,0,4,81,0,0,1,0
4,0,0,0.36,0,0,3,0,0,8,0,1,1
0,0,0,0.5,0,0,0,3,111.2,2,0,0,1
0,0,0,0.5,0,0,0,3,40.5,3,0,1,1
0,0,0,0.29,0,0,0,4,56.7,0,0,0,1
2,2,0,0.5,0,0,0,3,20,0,0,1,1
0,0,0,0.33,0,0,0,4,141.3,0,0,0,1
0,0,0,1,0,0,0,4,78.8,0,0,1,1
1,1,1,0.67,0,0,0,1,5.3,1,1,0,1
0,0,0,0.5,0,0,0,4,25.6,0,0,0,0
0,0,0,0,0,0,0,4,229.2,0,0,0,1
0,0,0,1,0,0,0,4,37.7,0,0,0,1
0,0,0,0.67,0,0,0,4,224.7,0,0,0,1
0,0,0,0.5,0,0,0,1,14.7,0,0,0,1
0,0,0,0,0,0,0,4,94.8,0,0,0,1
0,0,0,0.36,0,0,0,2,28.6,2,0,0,1
0,0,0,0.11,0,0,0,3,27.9,0,0,0,1
0,0,0,0.5,15.7,15.7,0,3,70,0,0,0,1
0,0,0,0.25,0,0,0,4,98.9,0,0,0,1
0,0,0,0.33,11.7,11.7,2,3.4,64.3,0,0,0,0
0,0,0,0.33,0,0,0,3,54.8,1,0,0,1
0,0,0,0,0,0,0,4,219.2,0,0,0,1
0,0,0,0.42,0,0,0,0,0,2,0,1,1
0,0,0,0.5,0,0,0,4,89.8,0,0,1,1
0,0,0,0,0,0,0,2,1.3,1,1,0,1
0,0,0,0,0,0,0,4,44.4,0,1,0,0
2,0,0,0.25,0,0,0,3,51.4,2,1,0,0
0,0,0,0,0,0,12,0,0,0,1,0,0
1,0,0,0.5,0,0,0,2,51.7,1,0,0,1
0,0,0,0.33,0,0,0,0,0,2,0,0,1
0,0,0,0.6,0,0,0,4,135.7,0,0,1,1
2,1,0,0,0,0,0,0,0,1,0,0,1
0,0,0,0.33,0,0,0,2,35.4,0,0,0,1
1,1,0,1,0,0,0,3,8.6,0,1,0,1
0,0,0,1,0,0,0,0,0,8,0,0,1
0,0,0,0,0,0,0,3,69.8,0,0,0,1
1,1,1,0.2,0,0,0,4,77.6,0,0,0,0
1,1,0,0,0,0,0,1,2.4,0,1,0,1
0,0,0,1,0,0,0,4,159.5,0,0,0,1
0,0,0,0.54,7.1,21.3,12,0,0,0,1,0,1
0,0,0,0.33,0,0,0,1,4,0,0,0,1
0,0,0,0,0,0,0,4,159.9,0,0,0,1
0,0,0,0.5,0,0,0,4,98.3,0,0,1,1
2,2,0,0,0,0,0,4,54.9,0,0,1,1
0,0,0,1,0,0,0,4,166.4,0,0,1,1
1,0,1,1,0,0,0,4,74.9,0,1,0,1
2,0,0,0.75,16.1,16.1,1,0,0,2,0,0,0
0,0,0,0,0,0,0,4,114.1,0,0,1,1
0,0,0,1,0,0,0,2,1.8,2,1,0,1
2,1,0,0.5,0,0,0,1,1.5,1,1,0,1
0,0,0,0.33,0,0,0,4,120.2,0,1,0,1
0,0,0,0.6,0,0,0,3,32,0,1,0,1
0,0,0,0,0,0,0,4,61,0,0,0,1
0,0,0,0.5,0,0,0,3,81.3,0,0,1,0
1,1,0,0,0,0,0,1,16.9,0,0,0,1
0,0,0,0.56,0,0,0,4,55.7,0,0,1,1
0,0,0,0,0,0,0,4,81.3,0,1,0,1
2,2,0,0.57,0,0,4,0,0,5,1,0,1
0,0,0,0.33,0,0,0,4,78.5,0,0,1,1
1,0,0,0.6,11.8,11.8,0,2,45.6,7,0,1,1
0,0,0,1,0,0,0,1,15.6,4,0,0,1
3,3,1,0.5,0,0,0,0,0,11,1,0,1
2,2,1,0.75,0,0,0,0,0,18,0,0,1
0,0,0,0.67,0,0,12,0,0,0,0,0,1
0,0,0,0.25,0,0,12,0,0,0,1,0,1
3,3,3,1,0,0,0,1,0,2,1,0,1
0,0,0,1,0,0,0,4,48.9,0,1,0,1
0,0,0,0,0,0,0,4,339.7,0,0,0,1
0,0,0,1,0,0,0,4,129.7,0,0,0,1
0,0,0,0.5,17.7,35.4,2,0,0,5,1,0,1
0,0,0,0.5,0,0,0,4,188.6,0,0,0,1
0,0,0,1,0,0,0,4,123.1,0,0,0,1
0,0,0,0,0,0,0,0,0,1,0,0,1
0,0,0,1,0,0,0,4,227.6,0,0,0,1
0,0,0,0,0,0,0,4,183.2,0,0,0,1
1,0,0,1,0,0,0,3,53.5,0,0,0,1
0,0,0,0,0,0,0,4,103,0,1,0,1
0,0,0,1,0,0,0,4,109.7,0,0,0,1
0,0,0,0,0,0,0,4,44,0,0,1,1
3,2,2,0.38,16,32,2,1,0.9,1,1,0,1
0,0,0,1,0,0,0,4,190.7,0,0,1,1
0,0,0,1,0,0,0,2,37.3,0,1,0,1
0,0,0,0,0,0,0,2,33,5,0,1,1
0,0,0,0.44,0,0,0,2,9.2,3,0,0,1
0,0,0,0.25,0,0,0,0,0,9,0,0,1
0,0,0,0,0,0,0,4,271.7,0,0,0,1
0,0,0,0,0,0,0,4,170.2,0,1,0,1
0,0,0,0.38,40.5,40.5,11,0,0,3.3,0,0,1
0,0,0,0.5,0,0,0,3,47.5,0,0,0,1
0,0,0,0.5,0,0,0,3,58.9,0,1,0,1
0,0,0,1,0,0,0,4,155.8,0,0,1,1
1,0,0,0.5,18.9,18.9,0,2,5.1,0,0,1,0
0,0,0,0.5,0,0,0,1,0.3,15,0,0,1
1,1,0,0.38,0,0,0,0,0,23,1,0,1
0,0,0,0,0,0,0,3,29.3,0,0,0,1
0,0,0,0,0,0,0,2,22.7,2,0,0,1
0,0,0,0,0,0,0,4,200.4,0,0,0,1
0,0,0,0.6,0,0,0,2,74.4,1,0,0,1
2,0,0,0,12.1,24.2,0,2,2.1,0,1,0,0
0,0,0,0.31,4,4,0,0,0,4.7,1,0,0
0,0,0,0.33,0,0,0,4,73.1,0,0,0,1
0,0,0,1,0,0,0,2,30,2,0,0,1
0,0,0,0,0,0,0,0,0,2,0,0,1
1,0,0,1,0,0,0,3,46.2,0,0,0,1
2,1,2,0.2,0,0,0,2,14.7,1,0,1,1
0,0,0,0.33,0,0,0,4,67.3,0,0,0,1
0,0,0,0.4,3.5,7,0,0,0,5,0,0,1
0,0,0,0.33,0,0,0,1,3.3,9,0,0,1
0,0,0,1,0,0,0,4,231,0,0,0,0
0,0,0,0,0,0,0,3,13.9,1,0,0,0
0,0,0,0.67,0,0,0,3,30.2,1,0,0,1
1,1,0,0.33,0,0,0,4,145.1,0,0,1,1
0,0,0,0,0,0,0,4,259.3,0,0,1,1
0,0,0,0,0,0,0,4,93,0,0,0,1
0,0,0,0.5,0,0,0,3,34.8,0,0,0,1
0,0,0,0.64,12.5,12.5,12,0,0,0,0,1,1
0,0,0,0,0,0,0,4,179,0,0,1,1
0,0,0,0.33,47.1,47.1,12,0,0,0,1,0,1
0,0,0,1,0,0,0,2,57.2,15,0,0,1
0,0,0,1,0,0,0,4,51.8,0,0,0,1
0,0,0,0.75,0,0,0,2,27.1,2,0,0,1
1,0,1,0,0,0,0,0,0,4,0,0,1
0,0,0,0.25,0,0,0,4,72.2,0,0,1,0
0,0,0,0.67,0,0,0,4,107.8,0,1,0,1
0,0,0,1,0,0,0,3,37.5,1,0,1,1
0,0,0,0.33,0,0,0,0,0,2,0,0,1
0,0,0,0,0,0,0,1,10.8,0,0,0,1
0,0,0,0,0,0,0,4,197.5,0,0,0,1
1,1,0,0.2,0,0,0,4,170.7,0,0,1,1
0,0,0,0.25,0,0,0,0,0,5,1,0,1
0,0,0,1,0,0,0,2,12.7,0,0,0,0
0,0,0,0.4,0,0,0,0,0,25,0,1,0
0,0,0,1,0,0,0,4,232.3,0,0,0,1
1,1,0,0.57,0,0,0,0,0,7,0,0,1
0,0,0,1,0,0,0,2,42,1,0,0,1
0,0,0,0,0,0,0,0,0,7,0,0,1
0,0,0,1,0,0,0,3,132.9,0,0,0,1
0,0,0,0,0,0,0,4,114.6,0,1,0,1
0,0,0,0.67,0,0,0,0,0,21,0,0,0
1,0,0,0.6,8.3,8.3,0,3,5.5,0,0,0,0
0,0,0,0.5,0,0,0,4,97.2,0,0,0,0
0,0,0,1,0,0,0,3,33.9,0,0,1,1
0,0,0,1,0,0,0,4,115.6,0,0,0,1
0,0,0,0.14,0,0,0,0,0,17,1,0,1
0,0,0,1,0,0,0,4,169,0,0,0,1
0,0,0,0.5,0,0,0,2,0.9,4,0,0,1
0,0,0,0.5,0,0,0,1,3.7,5,0,1,1
1,1,0,0.2,0,0,0,0,0,1,0,0,1
0,0,0,1,0,0,0,0,0,1,0,0,1
0,0,0,0.43,0,0,0,0,0,2,0,1,1
1,0,0,0.3,5.6,11.2,6,1,11.9,0,1,0,1
0,0,0,0,0,0,0,4,149.9,0,0,0,1
0,0,0,0,0,0,0,1,7.3,0,0,0,1
0,0,0,1,0,0,0,4,93.6,0,0,0,1
0,0,0,0.67,0,0,0,2,33.6,3,0,0,1
0,0,0,0,0,0,0,2,65.6,1,0,0,1
1,1,0,0.5,0,0,0,0,0,1,0,0,1
0,0,0,0.67,0,0,0,4,88.5,0,0,1,1
0,0,0,0.67,7.1,7.1,0,0,0,9,0,0,0
0,0,0,1,0,0,0,2,43.5,0,0,0,1
0,0,0,0,0,0,0,3,27,0,0,0,1
2,0,2,1,0,0,0,1,8.8,1,0,0,1
1,1,1,0.29,0,0,0,0,0,5,0,1,1
0,0,0,1,0,0,0,3,90.5,5,0,0,1
0,0,0,1,0,0,0,2,40.7,0,0,0,1
1,0,1,0.5,0,0,0,4,43,0,0,0,1
0,0,0,0,0,0,0,1,7.7,1,0,0,1
0,0,0,0.4,0,0,0,4,7.1,0,0,0,1
2,1,2,0.2,0,0,0,0,0,6,1,0,0
0,0,0,0.4,0,0,0,0,0,7,1,0,0
0,0,0,0,0,0,0,4,111.8,0,1,0,1
0,0,0,1,0,0,0,1,1.5,25,0,0,1
0,0,0,0,0,0,0,4,227.5,0,0,1,1
1,1,0,0,0,0,0,4,90.5,0,0,0,1
0,0,0,0,0,0,0,1,4.3,0,1,0,1
0,0,0,0,0,0,0,4,108.6,0,0,1,1
0,0,0,0,0,0,0,0,0,3,0,1,1
1,1,0,0.33,0,0,0,2,7.2,6,0,0,1
0,0,0,1,0,0,0,1,35.1,0,0,0,1
0,0,0,0,0,0,0,2,25.1,0,0,0,1
0,0,0,0.42,0,0,0,1,0.1,0,0,0,1
0,0,0,0.25,0,0,0,2,19.1,7,0,0,0
0,0,0,0.33,9.9,9.9,0,4,70.2,0,1,0,0
1,0,0,0,39,39,0,2,6.5,2,0,0,0
0,0,0,1,0,0,0,0,0,1,0,0,1
0,0,0,0,0,0,0,2,53.8,7,0,0,1
0,0,0,0,0,0,0,0,0,2,0,0,1
0,0,0,0.5,0,0,0,0,0,9,1,0,0
0,0,0,0.57,9.7,29.1,12,0,0,0,0,0,0
0,0,0,0.33,0,0,0,2,1.3,5,0,0,1
0,0,0,1,0,0,0,4,136.7,0,0,0,1
0,0,0,0.5,0,0,0,4,140.5,0,0,0,1
1,1,0,0.67,0,0,0,4,162.9,0,0,1,1
2,1,0,0,0,0,0,1,2.9,2,0,0,1
0,0,0,0.25,0,0,0,1,2.5,1,0,0,1
3,2,0,0.42,0,0,0,0,0,5,1,0,1
0,0,0,0.64,0,0,0,4,48.6,0,1,0,0
1,1,0,0.56,0,0,0,0,0,9,0,0,1
0,0,0,0.5,0,0,0,2,32.2,0,0,0,1
0,0,0,1,0,0,0,0,0,2,0,1,1
0,0,0,0.43,0,0,0,3,21,0,0,1,1
0,0,0,0.5,0,0,0,4,21.1,0,0,0,1
0,0,0,0.33,0,0,0,1,4.6,0,0,0,0
1,1,1,0,0,0,0,4,54.8,0,1,0,1
1,1,0,0.75,0,0,0,4,27.3,0,0,0,0
1,1,0,0,0,0,0,0,0,7,1,0,0
1,1,0,0.2,11.9,11.9,0,0,0,9,0,0,0
0,0,0,0.67,0,0,0,2,5.6,1,1,0,0
0,0,0,0,0,0,0,4,54.7,0,0,0,1
0,0,0,1,0,0,0,0,0,2,1,0,1
0,0,0,1,0,0,0,4,147.2,0,0,0,1
1,0,0,0.5,0,0,0,1,1.8,7,0,1,0
1,0,0,1,0,0,0,4,101.6,0,0,0,0
0,0,0,0,0,0,0,0,0,9,0,0,1
0,0,0,0,0,0,0,3,44.2,0,0,1,1
2,1,1,0.63,0,0,0,0,0,2,0,1,1
1,1,0,1,0,0,0,2,6.8,0,0,1,0
0,0,0,1,0,0,0,4,107.7,0,0,0,1
0,0,0,1,0,0,0,0,0,6,0,0,1
0,0,0,0.5,0,0,0,4,156.5,0,0,0,1
0,0,0,0,0,0,0,3,63.9,0,0,0,0
0,0,0,1,0,0,0,4,93.7,0,0,0,1
1,0,0,0.4,0,0,0,0,0,1,1,0,1
1,1,1,0.5,0,0,0,2,11.9,0,0,1,0
0,0,0,0.33,4.3,12.9,0,0,0,5,0,0,0
0,0,0,0.2,0,0,0,0,0,5,0,0,0
0,0,0,1,0,0,0,4,143.6,0,0,0,0
1,1,0,0.25,13.3,13.3,1,0,0,19.4,0,0,0
1,1,0,1,0,0,0,0,0,17,0,1,1
0,0,0,1,0,0,0,4,238.1,0,0,0,0
0,0,0,0.33,0,0,0,1,10.1,0,1,0,0
1,1,1,0.33,0,0,0,1,4.1,4,1,0,0
1,0,0,0,0,0,0,2,18.7,1,0,0,0
2,1,0,0,0,0,0,4,215.2,0,1,0,1
2,2,1,0.17,0,0,0,0,0,2,0,0,0
1,1,0,0.67,0,0,0,1,0.7,1,0,1,0
0,0,0,0,0,0,0,0,0,4,0,0,0
0,0,0,1,0,0,0,4,99.7,0,0,0,1
0,0,0,0.5,0,0,0,0,0,2,0,0,0
0,0,0,0.5,0,0,0,3,76.6,0,0,0,0
0,0,0,1,0,0,0,4,87.4,0,0,0,1
0,0,0,0.29,0,0,0,0,0,18,0,0,0
0,0,0,0,0,0,0,0,0,3,0,0,1
0,0,0,0,0,0,0,2,15.5,2,0,0,1
0,0,0,0.25,0,0,0,0,0,2,0,0,0
1,1,1,0.14,0,0,0,0,0,9,0,0,0
0,0,0,1,0,0,0,4,157.2,0,0,0,1
0,0,0,0.5,0,0,0,4,106.4,0,0,0,0
0,0,0,0,0,0,0,3,46.2,0,0,0,0
0,0,0,0,0,0,0,3,60.9,0,0,0,1
0,0,0,0,0,0,0,4,152.9,0,0,0,0
1,1,1,0,0,0,0,3,34,0,0,0,1
0,0,0,0.5,0,0,0,4,66.7,0,0,1,0
1,0,0,0.6,0,0,0,2,63.4,0,0,1,0
0,0,0,0,0,0,0,3,37.3,6,0,0,1
2,1,0,0.8,0,0,0,2,25.9,2,0,0,0
0,0,0,0.63,5.5,5.5,0,4,124.8,0,1,0,0
0,0,0,0,0,0,0,3,81.3,0,0,0,0
0,0,0,1,0,0,0,2,23.5,0,0,0,0
0,0,0,0,0,0,0,3,33,0,0,0,0
0,0,0,1,0,0,0,4,114.6,0,0,0,1
1,1,1,0.25,0,0,0,0,0,14,0,1,0
1,1,0,0,0,0,0,4,29.3,0,0,0,0
0,0,0,0,0,0,0,3,23.7,0,0,1,1
0,0,0,0.5,0,0,0,1,3.3,1,0,1,0
0,0,0,1,0,0,0,1,1.5,2,0,0,0
0,0,0,0,0,0,0,4,39.6,0,1,0,0
0,0,0,0.4,0,0,0,3,44.3,0,0,1,1
0,0,0,0,0,0,0,4,49.1,0,0,0,1
0,0,0,0,0,0,0,4,159.5,0,0,1,0
0,0,0,0.67,0,0,0,4,52.7,0,0,0,0
0,0,0,0.25,0,0,0,0,0,8,1,0,0
0,0,0,0.5,0,0,0,3,90,1,0,0,0
1,1,0,1,0,0,0,1,12.1,0,1,0,0
2,2,2,0.29,0,0,2,1,15.9,13,0,0,0
0,0,0,1,0,0,0,4,47.8,0,0,0,0
0,0,0,0,0,0,0,2,7.9,24,0,0,1
0,0,0,0.4,0,0,0,1,1,0,0,0,0
0,0,0,1,0,0,0,4,229.8,0,0,0,1
0,0,0,1,0,0,0,3,20.3,0,0,0,0
5,2,1,0,0,0,0,0,0,1,1,0,0
3,1,3,0.38,0,0,0,2,25.6,0,0,1,0
0,0,0,1,0,0,0,0,0,11,0,0,0
0,0,0,0,0,0,0,0,0,2,0,0,0
2,2,1,0.42,0,0,2,0,0,12,1,0,0
0,0,0,0.5,0,0,0,4,119.5,0,0,1,1
0,0,0,0.29,0,0,0,1,1.6,13,0,1,1
0,0,0,0.17,0,0,0,0,0,5,0,1,1
0,0,0,1,0,0,0,0,0,2,0,0,1
0,0,0,1,0,0,0,0,0,7,0,0,1
0,0,0,0,0,0,0,4,180.1,0,0,0,0
0,0,0,0,0,0,0,4,37.4,0,0,0,0
0,0,0,0,0,0,0,0,0,2,1,0,1
0,0,0,0,0,0,0,4,102.5,0,0,0,1
2,2,0,0.36,0,0,0,1,13.1,0,0,1,0
0,0,0,0,0,0,0,4,87,0,0,1,1
0,0,0,0.67,0,0,0,4,65.8,0,0,0,1
0,0,0,0,0,0,0,2,98.2,24,0,0,1
0,0,0,0,0,0,0,0,0,2,0,0,1
4,2,0,0.25,20.6,41.2,2,0,0,3,0,1,0
0,0,0,0.38,0,0,0,1,6.9,5,1,0,1
0,0,0,0,0,0,0,4,144.5,0,0,1,0
0,0,0,0,0,0,0,0,0,2,0,0,0
0,0,0,0.5,0,0,0,0,0,7,1,0,1
1,1,0,0,0,0,0,4,7.9,0,0,1,1
0,0,0,1,0,0,0,4,159.4,0,0,0,0
0,0,0,0,0,0,0,2,14.3,0,1,0,0
0,0,0,0.5,0,0,0,2,1.6,0,0,0,1
1,0,1,0.56,0,0,0,0,0,4,0,0,1
0,0,0,0.5,0,0,0,4,145.7,0,0,1,1
0,0,0,0,0,0,0,3,29,0,1,0,1
0,0,0,0.25,0,0,0,4,114.6,0,0,0,0
0,0,0,0,0,0,0,4,126.3,0,0,0,1
0,0,0,0.5,0,0,0,4,118.1,0,0,0,0
0,0,0,0,0,0,0,3,51.3,3,0,0,0
0,0,0,0.5,0,0,12,0,0,0,0,1,0
0,0,0,0,0,0,0,4,113,0,0,0,1
0,0,0,0.5,0,0,0,0,0,6,0,0,0
0,0,0,1,17,17,0,4,60.1,0,0,1,0
3,3,2,0.63,7.1,14.2,4,1,15,0,1,0,0
0,0,0,1,0,0,0,3,27.6,0,0,0,1
0,0,0,0,0,0,0,2,17.4,1,0,0,0
0,0,0,0,0,0,0,4,214.3,0,0,0,1
0,0,0,0.4,8.1,8.1,0,3,22.7,8,0,0,0
0,0,0,0.5,4.9,14.7,12,0,0,6,0,0,0
0,0,0,0.5,0,0,0,4,280.1,0,0,0,1
1,1,0,0.75,0,0,0,1,8.9,7,0,0,0
0,0,0,0,0,0,0,4,541,0,0,1,1
0,0,0,1,0,0,0,4,152,0,0,0,0
0,0,0,0.67,0,0,0,2,63.1,1,0,0,1
0,0,0,0,0,0,0,0,0,1,1,0,0
1,1,0,0,0,0,0,0,0,13,1,0,0
0,0,0,0.43,0.9,0.9,0,4,61,0,0,0,1
0,0,0,0.29,0,0,0,3,91.5,0,0,0,0
0,0,0,0.5,9,18,0,4,45.7,0,1,0,0
0,0,0,0,0,0,0,4,106.5,0,0,0,0
12,6,8,0.29,0,0,0,1,5.3,2,0,0,0
0,0,0,0,0,0,0,3,73.7,2,0,1,1
1,0,0,1,0,0,0,2,11.5,4,0,0,0
3,3,2,0.36,1.1,1.1,0,0,0,1,0,0,0
0,0,0,0.33,0,0,0,4,82.1,0,0,0,0
0,0,0,0.5,0,0,0,4,275.8,0,0,0,0
2,2,2,0.4,0,0,0,0,0,12,1,0,0
0,0,0,0.33,0,0,0,1,10.4,7,1,0,0
1,1,1,1,0,0,0,2,6.1,1,0,1,0
2,1,0,0,0,0,0,0,0,3,1,0,0
0,0,0,0,0,0,0,1,2.1,2,0,0,0
0,0,0,1,0,0,0,3,38.4,0,0,0,0
1,1,1,0.67,0,0,0,0,0,1,0,1,0
1,1,1,0.36,11.6,11.6,0,2,16.3,5,0,1,0
0,0,0,1,0,0,0,3,105.7,1,0,1,1
0,0,0,0,0,0,0,4,45.7,0,0,1,0
1,1,1,0.38,0,0,0,0,0,2,0,0,1
0,0,0,0,0,0,0,1,0.8,2,0,1,0
0,0,0,0,0,0,0,1,7.8,2,0,1,0
0,0,0,0.33,0,0,0,2,5.9,1,0,0,0
0,0,0,1,0,0,0,3,103.6,1,0,0,1
1,1,1,0.17,0,0,0,4,30.4,0,0,0,0
2,2,0,0.6,2.6,2.6,0,0,0,6.7,1,0,0
0,0,0,0.67,0,0,0,1,5.4,0,1,0,0
0,0,0,0,0,0,0,4,275.6,0,0,1,1
0,0,0,0,0,0,0,0,0,2,1,0,0
0,0,0,0,0,0,0,0,0,5,0,0,0
0,0,0,0.53,0,0,0,0,0,8,0,1,0
0,0,0,0,0,0,0,4,83.1,0,0,0,1
0,0,0,0,0,0,0,4,149,0,0,0,1
0,0,0,0,0,0,0,0,0,1,0,1,1
0,0,0,0.67,0,0,0,1,2.2,6,0,1,0
0,0,0,0.67,0,0,0,2,50.3,1,0,0,0
0,0,0,1,0,0,0,4,169.8,0,1,0,1
0,0,0,0,0,0,0,4,35.9,0,0,0,0
0,0,0,1,0,0,0,4,120.7,0,0,1,0
0,0,0,0.5,0,0,0,3,43.4,4,0,0,0
0,0,0,0.25,0,0,0,3,72.2,0,0,0,0
0,0,0,1,0,0,0,2,36.1,1,0,1,0
0,0,0,0,0,0,0,2,39,1,0,0,0
1,1,0,0.29,0,0,0,1,0.8,1,1,0,0
1,0,0,0.33,0,0,0,4,72.1,0,0,0,1
0,0,0,0.33,0,0,0,3,58.2,3,0,0,0
0,0,0,0,0,0,0,4,160.3,0,1,0,0
1,1,1,0.33,0,0,5,0,0,5,0,0,0
0,0,0,0.5,0,0,0,0,0,1,0,0,0
0,0,0,0,0,0,0,4,114,0,0,0,1
0,0,0,0.5,0,0,0,3,58.5,22,0,1,0
1,1,1,0.5,0,0,0,4,45.4,0,0,0,0
0,0,0,0,0,0,0,0,0,3,1,0,0
0,0,0,0.5,0,0,0,3,37.4,0,0,1,0
0,0,0,0.5,0,0,0,4,125.7,0,0,1,0
0,0,0,0.33,0,0,0,2,17.9,0,0,0,0
0,0,0,0.56,0,0,0,0,0,5,0,0,0
0,0,0,0.14,0,0,0,3,54.5,0,0,1,0
1,1,1,0.67,0,0,0,0,0,22,0,0,1
0,0,0,0,11.1,11.1,0,1,0.4,2,0,0,0
0,0,0,0.5,0,0,0,2,15.5,1,1,0,1
0,0,0,1,0,0,0,4,189.3,0,0,0,0
0,0,0,0.33,0,0,0,1,3.1,0,0,0,0
2,1,0,0.4,0,0,7,1,0.2,0,0,1,0
0,0,0,1,0,0,0,0,0,3,0,1,0
2,0,0,0.27,0,0,0,3,29.1,0,0,0,0
9,6,8,0.5,0,0,0,1,2.2,0,1,0,0
0,0,0,0,0,0,0,4,219.4,0,0,0,0
0,0,0,0,0,0,0,4,112.8,0,0,1,0
0,0,0,0,0,0,0,4,172.2,0,0,0,1
1,1,1,1,0,0,0,4,119.3,0,0,0,1
0,0,0,1,0,0,0,3,13.1,0,0,0,0
0,0,0,0.5,11.6,23.2,0,0,0,2,1,0,0
1,1,1,1,0,0,0,4,48.5,0,0,0,1
0,0,0,0,0,0,0,3,37.4,0,0,0,0
0,0,0,0.67,0,0,0,2,9.2,0,0,0,1
0,0,0,0.33,0,0,0,4,24.7,0,0,1,1
0,0,0,1,0,0,0,4,109.9,0,0,0,0
5,3,4,0.45,0,0,1,0,0,1,1,0,1
3,0,1,0.4,0,0,0,4,110.5,0,0,1,0
0,0,0,0,0,0,0,4,29.1,0,0,0,0
1,1,1,0.5,0,0,0,2,2.7,1,0,1,0
0,0,0,1,0,0,0,4,412.9,0,0,0,1
0,0,0,0,0,0,0,3,53.5,0,0,0,1
0,0,0,0,0,0,0,3,156.5,0,0,0,1
2,1,1,0.5,0,0,0,3,29.7,1,1,0,0
1,0,0,0.5,0,0,2,0,0,8,0,1,1
0,0,0,1,0,0,0,0,0,8,0,0,1
0,0,0,0,0,0,0,4,119.1,0,0,0,1
1,0,1,0.5,0,0,0,3,2.9,0,0,0,1
0,0,0,0.38,0,0,0,0,0,2,0,0,0
0,0,0,0,0,0,0,0,0,7,0,0,1
1,1,1,0.67,23.5,23.5,0,3,11.2,4.7,0,0,0
0,0,0,0.43,6.1,12.2,0,0,0,3,0,0,0
1,1,0,0.4,0,0,0,0,0,2,0,1,1
1,1,0,0.4,0,0,0,0,0,2,0,1,0
1,1,0,1,0,0,0,1,1,11,0,1,0
0,0,0,0.4,0,0,0,3,22.6,0,0,1,0
0,0,0,0.5,0,0,0,4,135.7,0,0,0,1
1,0,0,1,0,0,0,4,54.7,0,0,1,1
0,0,0,0.57,0,0,0,3,21.2,1,0,0,0
0,0,0,0,0,0,0,2,64.1,15,0,1,0
2,2,1,0.29,0,0,0,1,2.6,0,0,0,1
0,0,0,0.33,12.2,12.2,0,4,81.7,0,0,0,0
0,0,0,0.5,0,0,0,3,29.3,0,0,1,1
0,0,0,0,0,0,0,3,70.5,0,0,0,0
0,0,0,0.33,0,0,0,4,192.4,0,0,1,0
0,0,0,0,0,0,0,2,22,1,1,0,0
0,0,0,0.5,0,0,0,4,105.8,0,0,0,1
0,0,0,0.67,0,0,0,3,37,1,0,1,1
0,0,0,0.32,7.2,7.2,4,0,0,4.5,0,0,0
1,0,0,0.67,8.6,8.6,3,1,10.8,1,1,0,0
0,0,0,0,30.4,30.4,0,0,0,9.4,1,0,0
0,0,0,0.5,0,0,0,0,0,3,0,1,0
0,0,0,1,0,0,0,1,9.9,2,0,0,0
0,0,0,1,0,0,0,0,0,1,0,0,0
1,1,0,0,0,0,0,4,124.5,0,0,1,0
0,0,0,1,0,0,0,3,139.9,0,0,1,0
0,0,0,0.29,0,0,0,1,3.7,0,1,0,0
1,1,1,0.4,0,0,3,0,0,9,0,0,0
0,0,0,0.23,0,0,12,0,0,0,0,1,0
0,0,0,0.5,0,0,0,4,119.3,0,0,0,1
1,1,0,0.6,0,0,6,2,8.9,0,1,0,1
0,0,0,0,0,0,0,2,95.5,2,0,0,0
0,0,0,1,0,0,0,4,55.8,0,0,1,0
0,0,0,0,0,0,0,2,17.6,0,0,0,1
0,0,0,1,0,0,0,2,15,14,1,0,1
0,0,0,0.5,0,0,0,3,35.6,0,0,0,0
0,0,0,0.5,0,0,0,0,0,4,0,1,1
2,1,0,0.29,0,0,0,1,1.1,6,0,0,0
0,0,0,1,0,0,0,4,96.1,0,0,0,0
0,0,0,0,0,0,0,0,0,2,0,0,0
0,0,0,0,0,0,0,4,70.6,0,0,0,0
0,0,0,0.5,0,0,0,4,161.3,0,0,0,0
0,0,0,0,0,0,0,0,0,1,1,0,0
0,0,0,0.5,0,0,0,3,65.9,7,0,1,1
0,0,0,0.5,0,0,0,0,0,3,0,0,1
0,0,0,0.67,0,0,0,4,27.3,0,0,0,0
0,0,0,1,0,0,0,0,0,1,0,0,1
0,0,0,1,0,0,0,4,93.9,0,0,0,0
0,0,0,0,0,0,0,0,0,3,0,0,0
0,0,0,1,0,0,0,2,23.2,0,0,1,0
0,0,0,1,0,0,0,1,13,25,0,0,0
0,0,0,0,0,0,0,0,0,4,0,0,0
0,0,0,0,0,0,0,4,55.6,0,0,1,0
0,0,0,0.5,0,0,0,0,0,9,0,1,0
0,0,0,0,0,0,0,2,33.7,0,0,0,1
0,0,0,0.6,0,0,0,3,8.1,3,0,1,0
0,0,0,0.33,0,0,0,3,30.6,0,0,0,0
0,0,0,0,0,0,0,3,26.6,0,0,1,0
0,0,0,0,0,0,0,4,154.3,0,0,0,0
1,1,0,0.5,0,0,0,0,0,12,0,0,0
1,1,0,0.5,0,0,0,0,0,1,0,0,0
0,0,0,0,0,0,0,2,127.5,0,0,1,1
0,0,0,0.25,0,0,0,0,0,5,0,0,0
1,0,0,0.33,0,0,0,0,0,2,1,0,0
1,1,1,0.5,0,0,0,1,0.4,0,0,1,0
0,0,0,0,0,0,0,4,79.8,0,0,1,0
0,0,0,0.75,0,0,0,1,6.4,2,1,0,0
0,0,0,0,0,0,0,2,16.4,2,0,0,0
0,0,0,0.67,0,0,12,0,0,0,0,0,1
2,0,0,0,0,0,0,2,50.3,0,0,0,0
1,1,1,0.44,0,0,0,0,0,3,0,0,0
0,0,0,0.29,0,0,0,3,36.7,0,1,0,0
0,0,0,1,0,0,0,3,31.8,0,0,1,0
1,1,0,0,0,0,0,3,26,0,0,0,0
0,0,0,0,0,0,0,1,4.7,0,1,0,0
0,0,0,0.5,0,0,0,1,1.8,19,0,1,0
1,1,1,0.2,0,0,0,1,2.1,0,0,1,1
0,0,0,0,0,0,0,2,72.8,6,0,0,1
0,0,0,0.8,8.2,8.2,0,2,18.8,6.1,0,0,1
0,0,0,1,0,0,0,0,0,9,0,0,0
0,0,0,1,0.8,0.8,0,3,22.1,0,1,0,0
6,5,4,0.25,0,0,0,0,0,5,1,0,0
0,0,0,0,0,0,0,0,0,1,0,1,0
0,0,0,0,0,0,0,4,126.4,0,0,0,1
0,0,0,0.5,0,0,0,4,180.2,0,0,0,0
0,0,0,0,0,0,0,3,31.9,0,0,0,0
0,0,0,1,0,0,0,1,0.4,1,0,0,1
0,0,0,0.33,0,0,0,4,126.8,0,0,1,1
0,0,0,0.75,0,0,0,0,0,18,0,0,0
0,0,0,1,0,0,0,2,114.3,0,0,1,0
0,0,0,0.7,11.9,11.9,0,4,90.3,0,0,0,0
1,1,0,0,24.6,24.6,0,0,0,9,1,0,0
0,0,0,0.5,0,0,0,2,20.8,0,0,0,1
0,0,0,0.5,0,0,0,4,150.5,0,0,0,0
0,0,0,0,0,0,0,4,98.1,0,0,0,0
0,0,0,0,0,0,0,3,84.5,0,0,0,0
0,0,0,0,0,0,0,4,71.4,0,1,0,0
0,0,0,1,0,0,0,0,0,5,0,0,0
0,0,0,0,0,0,0,3,70.4,1,0,0,0
0,0,0,0,0,0,0,4,277.4,0,0,0,1
0,0,0,0,0,0,0,2,7.6,0,1,0,1
0,0,0,0,0,0,0,4,65,0,0,0,0
0,0,0,0,0,0,0,4,138.3,0,0,0,0
0,0,0,0.18,0,0,0,1,1.5,3,0,0,0
0,0,0,0.2,0,0,0,3,38.8,2,0,0,0
0,0,0,0.33,0,0,0,1,32.3,1,0,0,0
0,0,0,0,0,0,0,4,79.2,0,0,0,0
0,0,0,0.4,0,0,0,4,91,0,0,0,0
0,0,0,0,0,0,0,4,175.6,0,0,0,1
2,0,0,0.38,0,0,0,0,0,1,0,1,0
0,0,0,0,0,0,0,0,0,7,0,0,0
0,0,0,0,0,0,0,1,8.9,5,0,0,0
0,0,0,0.5,2.3,2.3,0,2,7.6,0,0,1,0
0,0,0,0.4,0,0,0,2,13.3,23,0,0,0
0,0,0,1,0,0,0,4,82.6,0,0,0,0
0,0,0,0,0,0,0,4,171.9,0,0,0,0
0,0,0,1,0,0,0,3,15.8,1,0,0,0
0,0,0,0,0,0,0,4,115.5,0,0,0,0
0,0,0,0.5,0,0,0,4,46,0,0,0,0
0,0,0,0,0,0,0,2,12.1,1,0,0,0
0,0,0,0,0,0,0,0,0,3,0,0,0
0,0,0,0,0,0,0,3,17.2,0,0,0,0
0,0,0,0.25,31.3,31.3,0,0,0,1,0,1,0
0,0,0,0,0,0,0,4,107.4,0,0,0,0
0,0,0,0.5,0,0,0,1,0.1,4,0,1,0
0,0,0,0.73,0,0,0,0,0,1,0,0,0
1,0,0,0.33,0,0,0,3,34.4,0,0,1,0
0,0,0,0,0,0,0,4,24.2,0,0,0,0
1,1,0,0,0,0,0,2,9.6,0,0,0,0
0,0,0,0,0,0,0,4,43.2,0,0,0,0
0,0,0,0.33,0,0,0,3,7.9,0,0,0,0
0,0,0,0,0,0,0,4,103.2,0,1,0,0
0,0,0,1,0,0,0,4,59.5,0,0,0,0
0,0,0,0,0,0,0,4,328.8,0,0,0,0
0,0,0,0,0,0,0,0,0,2,0,1,0
0,0,0,0,0,0,0,2,9.8,0,0,0,0
10,3,2,0.17,0,0,0,0,0,1,1,0,1
0,0,0,0.38,0,0,0,0,0,8,0,0,0
0,0,0,0,0,0,0,4,44.7,0,0,0,0
1,1,0,0.45,0,0,5,0,0,15,0,1,0
0,0,0,0,0,0,0,3,28.7,0,0,0,0
1,1,1,0.8,0,0,0,1,10.2,1,0,0,0
0,0,0,0.33,0,0,0,3,31.4,0,0,0,0
0,0,0,1,0,0,0,4,36.9,0,0,0,0
0,0,0,0.56,0,0,12,0,0,0,0,1,0
0,0,0,0,0,0,0,4,208.2,0,0,0,1
0,0,0,0.5,0,0,0,4,99.5,0,0,0,0
0,0,0,0.5,0,0,0,3,77.6,0,0,1,0
0,0,0,0.67,0,0,0,4,183.1,0,0,0,0
0,0,0,0,0,0,0,4,229,0,0,0,0
0,0,0,0.33,10.5,10.5,0,4,186.3,0,0,0,0
0,0,0,0.2,0,0,0,3,32.7,1,0,1,0
0,0,0,0.33,16.6,16.6,0,0,0,3.8,1,0,0
0,0,0,0.6,35.4,35.4,12,0,0,0,1,0,0
0,0,0,0.33,0,0,0,3,19.6,0,0,0,0
3,2,0,0.33,0,0,0,2,40.7,1,0,0,0
0,0,0,0,0,0,0,0,0,8,0,0,0
0,0,0,0,0,0,0,0,0,1,0,0,0
3,0,0,1,0,0,0,2,3.4,0,0,0,0
1,0,0,0.33,0,0,0,2,85.3,1,0,0,0
0,0,0,0.33,0,0,0,0,0,10,0,0,0
3,2,2,0.6,0,0,0,0,0,4,1,0,0
0,0,0,1,0,0,0,3,51,0,0,0,0
0,0,0,1,0,0,0,0,0,1,0,0,0
0,0,0,0,0,0,0,4,161,0,0,0,0
0,0,0,0,0,0,0,3,104.8,12,0,0,1
0,0,0,0.5,0,0,12,0,0,0,0,1,1
2,1,1,0,0,0,0,2,14.4,1,0,1,0
0,0,0,0.5,0,0,0,4,166.2,0,0,0,0
1,1,0,0,0,0,0,4,68.6,0,0,0,0
0,0,0,0.6,0,0,0,0,0,7,0,0,0
1,0,1,1,0,0,6,0,0,24,0,0,1
0,0,0,1,24.4,24.4,0,2,8.7,0,1,0,0
1,1,0,0.5,0,0,0,0,0,12,0,0,0
0,0,0,0,0,0,0,3,44.2,0,0,0,1
0,0,0,0.33,0,0,0,3,124,0,0,0,0
0,0,0,1,0,0,0,2,6.6,1,0,0,0
0,0,0,0.67,0,0,0,4,55.9,0,0,0,0
0,0,0,1,0,0,0,0,0,7,1,0,0
0,0,0,1,0,0,0,3,45.9,0,0,0,0
0,0,0,0,0,0,0,4,168.3,0,0,1,1
0,0,0,0,0,0,0,4,225.1,0,0,0,1
0,0,0,0.5,0.9,0.9,0,4,72.5,0,0,1,0
1,1,1,0.33,0,0,0,1,1.7,18,1,0,0
1,0,0,0,0,0,0,2,34.4,0,0,0,0
1,0,0,1,0,0,0,4,294.7,0,0,0,0
0,0,0,0.75,0,0,0,4,137,0,0,0,0
0,0,0,0,0,0,0,4,130.6,0,0,0,1
0,0,0,0,0,0,0,1,8.5,1,0,0,0
0,0,0,0.5,0,0,0,4,134.1,0,0,1,1
0,0,0,1,0,0,0,3,28.1,0,0,0,0
0,0,0,0,0,0,0,0,0,2,0,0,0
0,0,0,0,0,0,0,1,6.6,7,0,1,0
0,0,0,0,0,0,0,2,31.3,2,0,1,0
0,0,0,0,0,0,0,4,59.2,0,0,0,0
0,0,0,0,0,0,0,4,147.2,0,0,1,0
1,1,1,0.43,0,0,0,2,3.9,0,0,0,0
0,0,0,0.5,0,0,0,1,36.6,1,0,0,1
0,0,0,0,0,0,0,4,156.3,0,0,0,0
1,0,0,0,0,0,0,0,0,5,1,0,0
0,0,0,1,0,0,0,4,97.3,0,0,0,0
2,2,0,0.25,6,6,0,1,1.8,0,1,0,0
0,0,0,0.45,9.3,9.3,0,0,0,3,1,0,0
0,0,0,0.25,0,0,0,0,0,2,1,0,0
0,0,0,1,0,0,0,3,46,0,0,0,1
0,0,0,1,0,0,0,3,60.4,0,0,1,1
0,0,0,0,0,0,0,3,48.8,2,0,0,0
0,0,0,1,0,0,0,4,67.3,0,0,0,0
0,0,0,1,0,0,0,0,0,3,0,1,0
0,0,0,0.4,0,0,5,1.4,13.1,0,0,0,1
0,0,0,0.5,0,0,0,0,0,1,0,0,0
0,0,0,0.5,0,0,0,1,5.8,15,0,1,1
0,0,0,0,0,0,0,1,5.7,17,0,0,1
0,0,0,0,0,0,0,4,200.2,0,0,0,0
0,0,0,0.5,0,0,0,4,165.6,0,0,1,0
0,0,0,1,0,0,0,4,40.1,0,0,0,0
0,0,0,0.67,0,0,0,2,32.6,0,0,1,0
1,0,0,0,0,0,0,2,10.6,0,0,0,0
0,0,0,1,0,0,0,4,120.4,0,0,0,0
1,1,0,1,0,0,0,4,55,0,0,0,0
0,0,0,0,0,0,0,4,79.2,0,0,1,0
1,0,1,0.33,0,0,0,3,41.6,0,0,0,0
0,0,0,0,0,0,0,2,113.7,0,0,0,0
0,0,0,0,0,0,0,3,29.4,0,0,0,1
0,0,0,1,0,0,0,4,104,0,0,0,0
0,0,0,0.33,0,0,0,1,7.6,5,0,0,0
0,0,0,1,0,0,0,4,131.1,0,0,0,1
0,0,0,0.5,0,0,0,2,25.1,2,0,1,0
0,0,0,0.5,0,0,0,0,0,1,0,0,0
0,0,0,0,0,0,0,4,343,0,0,0,1
0,0,0,1,0,0,0,2,19.9,2,0,0,0
0,0,0,0,0,0,0,3,86.7,0,0,0,0
0,0,0,0.43,16.5,16.5,0,0,0,5,1,0,0
0,0,0,1,0,0,0,4,115.8,0,0,1,0
1,0,0,0,0,0,0,3,26.1,0,0,1,0
0,0,0,0.5,0,0,0,4,152.7,0,1,0,0
0,0,0,0,0,0,0,4,158,0,1,0,0
0,0,0,1,0,0,0,4,160.6,0,0,0,1
1,1,0,0.4,0,0,0,4,300.8,0,0,0,0
0,0,0,1,0,0,0,1,3.5,0,0,0,0
0,0,0,1,0,0,0,2,23.4,0,0,0,1
4,3,2,0.5,0,0,0,0,0,3,0,0,0
0,0,0,0.5,0,0,0,4,74.4,0,0,1,0
0,0,0,0.5,0,0,0,3,25.1,3,0,1,0
0,0,0,0.5,4.8,4.8,4,1,1,4.2,1,0,0
0,0,0,0,0,0,0,3,37.1,2,0,0,0
2,2,2,0,0,0,0,0,0,25,1,0,0
0,0,0,0,0,0,0,0,0,3,0,0,0
0,0,0,0.5,0,0,0,4,109.2,0,0,0,1
0,0,0,0,0,0,0,0,0,1,0,0,0
0,0,0,1,0,0,0,4,90.4,0,1,0,0
0,0,0,0,0,0,0,2,3.9,0,0,0,0
1,1,0,0.5,0,0,0,1,4.8,5,0,1,0
0,0,0,1,0,0,0,4,104.6,0,0,0,0
0,0,0,0,0,0,0,4,113.1,0,0,1,1
0,0,0,0.5,0,0,0,3,41.5,0,0,0,0
1,0,0,1,0,0,0,2,27,1,0,0,0
3,1,1,0.3,0,0,6,0.9,0,7,0,1,0
2,1,1,0.5,0,0,0,2,16.4,0,0,0,0
0,0,0,0.67,0,0,0,4,57.7,0,0,0,0
0,0,0,1,0,0,0,2,35.9,1,0,1,0
1,1,1,0,0,0,0,4,26,0,1,0,0
0,0,0,0.33,0,0,12,0,0,0,0,0,0
0,0,0,1,0,0,0,4,74.4,0,0,0,0
0,0,0,1,0,0,0,4,214.5,0,0,1,1
1,1,0,0,0,0,0,3,65.6,1,0,0,0
0,0,0,0,0,0,0,3,133.1,0,0,1,0
0,0,0,1,0,0,0,4,95.6,0,0,0,0
0,0,0,0.25,0,0,0,4,170.7,0,0,0,1
0,0,0,1,0,0,0,4,54.3,0,0,0,1
0,0,0,1,0,0,0,4,152.7,0,0,0,0
0,0,0,0.6,8.4,16.8,0,0,0,3.8,1,0,1
1,1,1,0,0,0,0,2,2.5,0,0,0,0
0,0,0,0.67,0,0,0,2,20,0,0,0,0
0,0,0,1,0,0,0,4,107.3,0,0,0,0
1,1,0,0.33,0.8,0.8,0,0,0,1,0,1,1
2,2,0,0.2,0,0,0,0,0,1,1,0,0
0,0,0,1,0,0,0,4,67.1,0,0,0,0
5,1,0,0.25,0,0,0,4,61.4,0,0,1,0
2,2,0,0.25,0,0,0,1,5.6,0,0,0,0
0,0,0,0,0,0,0,1,9.6,0,0,0,1
0,0,0,1,0,0,0,4,175.6,0,0,0,0
0,0,0,0.25,0,0,0,2,13.7,2,0,1,0
0,0,0,0.6,0,0,0,0,0,6,0,1,0
0,0,0,0,0,0,0,4,28.6,0,0,0,0
0,0,0,0,0,0,0,3,54.5,0,0,1,1
0,0,0,0.4,14.3,14.3,0,2,8.2,0,0,1,0
3,1,0,0.56,0,0,0,0,0,3,0,1,0
0,0,0,0,0,0,0,3,51.8,0,0,0,1
0,0,0,0,0,0,0,0,0,3,0,0,0
2,2,1,0.56,0,0,0,2,4.3,2,1,0,0
0,0,0,0.33,0,0,0,1,7.5,7,0,1,0
2,0,0,0.5,0,0,0,3,44.5,0,0,0,0
0,0,0,1,0,0,0,2,27.3,2,0,0,0
1,1,1,0.5,0,0,0,2,2.5,1,1,0,0
0,0,0,1,0,0,0,4,103.7,0,0,1,0
0,0,0,0,0,0,0,4,158.8,0,0,0,0
0,0,0,0,0,0,0,4,52.9,0,1,0,0
0,0,0,1,0,0,0,2,14.7,2,0,1,1
0,0,0,0.5,0,0,0,4,77.6,0,0,0,0
0,0,0,0.08,0,0,11,0,0,15,1,0,0
0,0,0,0,0,0,0,4,128.7,0,0,1,0
0,0,0,0.67,0,0,0,3,84.1,2,0,1,0
0,0,0,0.33,0,0,0,3,23.9,2,0,0,1
0,0,0,0,0,0,0,4,107.9,0,0,0,0
0,0,0,0,0,0,0,2,56.3,3,0,0,0
0,0,0,0.5,0,0,0,3,16.1,0,1,0,1
0,0,0,0.25,0,0,0,4,205.8,0,0,0,1
0,0,0,1,0,0,0,4,132.4,0,0,0,0
0,0,0,1,0,0,0,4,142.8,0,0,1,0
0,0,0,0,0,0,0,4,232,0,0,0,1
0,0,0,0.33,0,0,0,1,3.3,1,0,0,0
0,0,0,0.18,0,0,12,0,0,0,1,0,0
0,0,0,0,0,0,0,4,210.9,0,0,0,0
0,0,0,0.67,0,0,0,4,122.8,0,1,0,1
0,0,0,0,0,0,0,4,49,0,0,1,1
0,0,0,0.5,0,0,0,3,39.9,6,0,0,0
0,0,0,0,0,0,0,4,100.5,0,0,0,0
0,0,0,0.25,0,0,0,3,78.1,0,0,1,0
0,0,0,0,0,0,0,4,136.5,0,0,1,0
3,0,1,0.6,0,0,0,3,19.2,0,0,1,0
0,0,0,0,0,0,0,4,123.8,0,0,0,0
0,0,0,0.5,0,0,0,0,0,1,0,0,1
0,0,0,1,0,0,0,2,38.3,0,0,0,0
0,0,0,1,0,0,0,4,132.1,0,0,0,0
0,0,0,0,0,0,0,4,187.9,0,0,0,1
0,0,0,0,0,0,0,0,0,8,0,0,0
0,0,0,0.13,0,0,0,3,17.1,0,0,1,0
0,0,0,1,0,0,0,0,0,3,0,0,0
0,0,0,0.33,0,0,0,3,49.8,6,0,0,0
0,0,0,0.25,0,0,0,2,19.2,0,1,0,0
0,0,0,1,0,0,0,2,10.1,10,0,0,1
0,0,0,1,0,0,0,0,0,1,0,0,0
1,0,0,0,0,0,0,4,59.7,0,1,0,0
0,0,0,0.33,0,0,0,0,0,3,0,0,0
0,0,0,0,0,0,0,4,104.4,0,0,0,0
1,0,0,0.29,0,0,0,2,3.8,0,0,1,0
0,0,0,1,0,0,0,4,70.9,0,0,0,0
0,0,0,1,0,0,0,4,151.1,0,0,0,1
0,0,0,0.47,0,0,0,2,5.5,2,1,0,0
0,0,0,1,0,0,0,4,35.8,0,0,0,0
0,0,0,0,0,0,0,3,36.5,0,0,0,0
0,0,0,0.63,0,0,6,1,19,12,0,0,0
0,0,0,0,0,0,0,1,8.6,0,0,0,0
0,0,0,0.6,1.1,1.1,0,4,154.5,0,0,1,0
0,0,0,1,0,0,0,4,157,0,0,0,1
0,0,0,0.5,0,0,0,2,21.8,1,0,1,0
0,0,0,0.67,0,0,0,1,7.1,1,0,1,0
0,0,0,0.5,9,9,0,3,20.7,0,0,0,0
0,0,0,0,0,0,0,4,284.3,0,0,0,0
0,0,0,0,0,0,0,3,56.8,5,0,1,0
0,0,0,0.25,0,0,0,4,84.2,0,0,0,0
0,0,0,0.5,0,0,0,3,6.7,0,0,0,0
0,0,0,1,0,0,0,4,117.2,0,0,0,0
0,0,0,1,0,0,0,3,32.3,1,0,0,1
1,0,0,0.33,0,0,0,3,79,0,0,1,1
0,0,0,0,0,0,0,4,174.5,0,0,0,1
0,0,0,0.67,0,0,0,3,20.6,2,0,0,0
0,0,0,1,0,0,0,4,262,0,0,0,0
0,0,0,0,0,0,0,2,77.4,1,1,0,0
0,0,0,0,0,0,0,1,45.4,6,0,0,0
0,0,0,0,0,0,0,0,0,8,0,0,1
0,0,0,1,0,0,0,4,69.7,0,0,0,1
0,0,0,0,0,0,0,4,206,0,0,0,0
2,1,0,0.75,23.9,23.9,0,1,10.6,8.9,0,0,0
0,0,0,0,0,0,0,4,196.3,0,0,1,1
0,0,0,1,0,0,0,0,0,6,0,0,0
1,1,0,1,0,0,0,4,76.6,0,0,0,1
0,0,0,0.4,0,0,0,4,203.1,0,0,0,0
2,0,0,0,0,0,0,4,28.2,0,0,1,0
0,0,0,0,0,0,0,4,197.8,0,0,1,0
0,0,0,0,0,0,0,1,18.9,1,0,0,0
0,0,0,0,0,0,0,3,20.9,0,0,0,0
0,0,0,0.33,0,0,0,2,5.1,1,0,0,0
0,0,0,0,0,0,0,3,9.8,1,1,0,0
0,0,0,1,0,0,0,3,30.4,0,0,0,0
0,0,0,0.26,0,0,12,0,0,0,1,0,0
1,1,0,0,0,0,0,0,0,5,1,0,1
0,0,0,0.33,0,0,0,4,44,0,0,1,0
0,0,0,0.5,0,0,0,4,204.7,0,0,1,0
0,0,0,1,0,0,0,4,13.2,0,0,0,0
0,0,0,0.5,0,0,0,3,5.4,0,0,0,0
1,1,0,1,0,0,0,3,13.4,2,1,0,1
1,1,0,0.17,0,0,0,1,1.9,0,0,0,0
1,0,0,0,0,0,0,3,68.9,0,0,0,0
0,0,0,0.67,0,0,0,0,0,1,0,1,1
0,0,0,0,0,0,0,4,134.4,0,0,0,0
0,0,0,0,0,0,0,0,0,2,0,0,0
0,0,0,0.5,0,0,0,4,130.8,0,0,1,0
1,0,0,0.4,0,0,0,0,0,15,1,0,0
0,0,0,0,0,0,0,2,24.9,0,0,0,0
2,0,0,0.67,0,0,0,3,80.1,1,0,0,0
0,0,0,1,0,0,0,1,5.3,3,0,0,0
1,1,1,0.67,0,0,0,1,0.3,1,0,0,0
1,0,0,0.33,0,0,0,0,0,1,0,1,1
0,0,0,0,0,0,0,4,100.1,0,0,1,1
0,0,0,0,0,0,0,2,51,3,0,1,1
0,0,0,0,0,0,0,3,103,0,0,0,1
0,0,0,0.5,0,0,0,4,87.3,0,0,0,0
0,0,0,0.67,0,0,0,4,38.5,0,0,0,0
0,0,0,0,0,0,0,4,94.9,0,0,0,0
0,0,0,1,0,0,0,4,70.1,0,0,0,0
0,0,0,1,0,0,0,4,71.6,0,0,0,1
1,1,1,0.5,0,0,0,3,39.4,0,1,0,0
0,0,0,0.33,0,0,0,2,33.3,4,0,0,1
0,0,0,1,0,0,0,4,136.5,0,0,0,0
1,1,1,0.67,0,0,0,2,10.6,0,0,1,0
0,0,0,1,0,0,0,4,209.7,0,0,0,1
0,0,0,0,0,0,0,0,0,3,0,0,0
0,0,0,1,0,0,0,0,0,5,0,0,0
0,0,0,1,0,0,0,2,37.7,5,0,0,0
0,0,0,0,0,0,0,3,60.3,0,0,0,0
0,0,0,0.44,0,0,12,0,0,0,0,0,0
0,0,0,0,0,0,0,3,68.5,1,0,0,0
0,0,0,1,0,0,0,2,29.8,5,0,0,1
0,0,0,0,0,0,0,4,161.6,0,0,0,0
0,0,0,0.8,0,0,12,0,0,0,0,1,0
0,0,0,0,0,0,0,3,142.6,0,0,0,0
0,0,0,1,0,0,0,1,34.4,0,0,0,0
0,0,0,0.5,0,0,0,4,188.8,0,0,0,0
0,0,0,0,0,0,0,4,228.6,0,0,0,0
0,0,0,0,0,0,0,4,172.7,0,0,0,1
1,1,0,0.5,0,0,0,3,33.1,0,1,0,1
0,0,0,0,0,0,0,2,38.4,0,1,0,1
0,0,0,0.67,0,0,0,4,97.2,0,0,1,0
0,0,0,0.5,0,0,0,3,34.9,0,0,0,0
0,0,0,1,0,0,0,1,2.4,1,0,0,0
0,0,0,0.33,0,0,0,3,11.3,0,1,0,0
0,0,0,1,0,0,0,3,35,2,0,0,0
0,0,0,0,0,0,0,4,142.1,0,0,1,0
0,0,0,0.5,0,0,0,3,41.4,0,0,0,0
0,0,0,0,0,0,0,0,0,6,1,0,0
0,0,0,1,0,0,0,2,28,0,0,0,0
0,0,0,0.25,0,0,0,2,35.9,1,0,0,0
0,0,0,1,2.9,2.9,0,3,17.7,2,0,0,0
0,0,0,0.5,0,0,6,1.8,16,0,0,1,0
0,0,0,1,0,0,0,4,59.4,0,0,0,0
0,0,0,0.5,0,0,0,3,64.4,12,0,0,0
0,0,0,0,0,0,0,0,0,8,0,0,0
0,0,0,1,0,0,0,3,137.2,3,0,0,1
0,0,0,0,0,0,0,4,112.2,0,0,0,0
0,0,0,0,0,0,0,1,2.1,0,0,1,0
1,1,1,0,0,0,0,3,31.1,0,1,0,1
1,1,0,0.6,0,0,0,3,34,2,0,1,0
0,0,0,0,0,0,0,3,24.1,6,0,0,0
0,0,0,0.17,1.1,1.1,0,4,115.1,0,0,0,0
0,0,0,0.33,0,0,0,2,137.1,1,0,0,1
0,0,0,0,0,0,0,4,63.2,0,0,0,0
0,0,0,1,0,0,0,4,217.7,0,0,1,0
0,0,0,0.5,0,0,0,3,48.2,0,0,0,0
0,0,0,0,0,0,0,4,46.9,0,0,0,0
0,0,0,0,0,0,0,4,129.1,0,0,0,1
0,0,0,1,0,0,0,4,157.5,0,0,0,0
3,1,1,0.5,0,0,0,1,4.1,0,0,0,0
0,0,0,0,0,0,0,4,39.9,0,0,1,0
0,0,0,1,0,0,0,4,128.1,0,0,0,1
0,0,0,0,0,0,0,4,101.2,0,0,0,0
0,0,0,0.25,0,0,0,4,71.6,0,0,0,1
0,0,0,0,0,0,0,0,0,1,0,0,0
0,0,0,0,0,0,0,3,74.4,6,0,0,0
0,0,0,0.67,0,0,0,0,0,6,0,0,0
0,0,0,0,0,0,0,1,142.5,2,0,0,0
0,0,0,0,0,0,0,3,94.4,0,0,1,0
0,0,0,0,0,0,0,4,85.5,0,0,1,1
2,0,0,0.67,0,0,0,2,8.9,1,0,1,0
0,0,0,0.4,0,0,0,0,0,4,0,0,0
0,0,0,0.67,0,0,12,0,0,0,0,1,0
0,0,0,0,0,0,0,4,181.5,0,0,0,0
1,1,1,0.2,0,0,0,1,6.1,8,1,0,0
1,1,1,0.5,0,0,0,1,0.1,1,0,1,0
0,0,0,0,0,0,0,3,22.1,0,1,0,0
0,0,0,0,0,0,0,1,3.5,25,0,0,1
1,1,1,0.2,0,0,0,2,15.2,2,0,0,0
0,0,0,0.5,0,0,0,4,102.7,0,0,0,0
0,0,0,0,0,0,0,0,0,3,0,1,1
0,0,0,1,0,0,0,3,60.3,0,0,0,0
0,0,0,0,0,0,0,3,104.1,0,0,0,1
0,0,0,0.5,0,0,0,4,88.2,0,0,0,0
0,0,0,1,0,0,0,4,118.5,0,0,0,0
3,2,2,0,0,0,0,1,0.7,2,0,0,0
0,0,0,0.5,0,0,0,4,88.5,0,0,1,1
0,0,0,1,0,0,0,2,0.4,3,0,1,0
1,1,0,0.33,0,0,0,1,0.4,9,1,0,0
0,0,0,1,0,0,0,3,21.4,1,0,0,1
0,0,0,0.5,0,0,0,4,129.9,0,0,0,0
1,0,0,0,0,0,0,0,0,1,0,0,0
0,0,0,0,0,0,0,0,0,6,0,0,0
0,0,0,0.33,0,0,0,4,132.8,0,0,0,0
0,0,0,0,0,0,0,4,104.2,0,0,1,1
0,0,0,1,0,0,0,4,75.5,0,1,0,0
0,0,0,0.17,0,0,0,0,0,16,1,0,0
0,0,0,0.33,0,0,0,0,0,11,0,0,0
2,2,1,0.25,0,0,0,0,0,15,0,0,0
0,0,0,0,0,0,0,4,184.8,0,0,0,0
0,0,0,0,0,0,0,3,96.6,1,0,0,0
1,0,0,0,0,0,0,0,0,18,1,0,0
0,0,0,0,16.2,32.4,12,0,0,0,1,0,1
1,1,1,0,0,0,0,3,50.7,0,0,1,0
0,0,0,0.5,0,0,0,4,104,0,0,0,0
0,0,0,0,0,0,0,4,99,0,0,0,0
0,0,0,0,0,0,0,0,0,2,0,1,0
1,0,0,0.5,0,0,0,1,0.1,7,0,0,1
0,0,0,0,0,0,0,4,166.4,0,0,0,0
0,0,0,0.5,0,0,0,3,164.9,0,0,0,1
0,0,0,0,0,0,0,1,10.6,2,1,0,0
0,0,0,0,0,0,0,2,60.4,0,0,0,1
2,1,1,0,0,0,0,3,25.2,1,0,0,0
0,0,0,0.33,0,0,0,3,62.8,1,0,1,1
0,0,0,0,0,0,0,4,220.4,0,0,0,0
0,0,0,0,0,0,0,2,17.4,15,0,0,0
0,0,0,1,0,0,0,4,105.2,0,0,1,0
0,0,0,0.38,7.6,7.6,6,2.1,47.9,0,1,0,0
0,0,0,0,0,0,0,4,39.8,0,0,1,0
0,0,0,0,0,0,0,1,9.3,0,0,0,1
1,0,0,0,0,0,0,4,52.7,0,0,0,0
0,0,0,1,0,0,0,3,35.1,0,0,0,0
0,0,0,0,0,0,0,4,189.2,0,0,0,0
0,0,0,1,0,0,0,0,0,2,0,0,1
0,0,0,1,0,0,0,4,64.1,0,0,0,1
0,0,0,1,0,0,0,2,55,1,0,0,0
0,0,0,0.6,0,0,0,3,6.8,0,0,0,0
0,0,0,0,0,0,0,4,83.7,0,1,0,0
0,0,0,0,0,0,0,0,0,8,0,0,0
0,0,0,0.5,0,0,0,3,12,4,0,0,0
0,0,0,0,0,0,0,4,130.8,0,0,0,0
0,0,0,0.5,0,0,0,3,52.1,0,1,0,0
0,0,0,0,0,0,0,2,25,0,0,0,0
0,0,0,0.33,0,0,0,3,71.3,0,0,0,0
0,0,0,0,0,0,0,4,53.8,0,1,0,0
0,0,0,0.33,0,0,0,2,19.3,0,0,0,1
0,0,0,0,0,0,0,4,122.5,0,0,0,0
0,0,0,1,0,0,0,0,0,2,0,0,0
0,0,0,0,0,0,0,4,256.3,0,0,0,0
0,0,0,1,0,0,0,4,169.2,0,0,0,0
0,0,0,0,0,0,0,4,114.7,0,0,0,0
1,0,0,0.4,0,0,0,0,0,1,1,0,0
0,0,0,0,0,0,0,4,44,0,0,0,0
0,0,0,0,0,0,0,4,214.7,0,0,0,1
0,0,0,0.33,0,0,0,2,6.5,10,1,0,0
0,0,0,0,0,0,0,4,134.7,0,0,0,0
0,0,0,0.5,0,0,0,1,18.8,0,1,0,0
0,0,0,0,0,0,0,4,87.1,0,0,0,1
0,0,0,1,0,0,0,2,0.2,7,0,1,0
0,0,0,0.67,0,0,0,4,17.5,0,0,1,0
0,0,0,0,0,0,0,3,142.4,0,0,0,0
1,0,0,0.43,0,0,0,0,0,15,0,1,0
0,0,0,0,0,0,0,4,125.9,0,0,0,0
1,0,1,0,0,0,0,1,6,1,0,0,1
0,0,0,1,0,0,0,4,108.6,0,0,0,0
0,0,0,1,0,0,0,4,48,0,0,0,0
0,0,0,0,0,0,0,0,0,5,0,0,0
0,0,0,1,0,0,0,1,9,1,0,1,0
0,0,0,0,0,0,0,4,224.9,0,0,1,1
0,0,0,0.5,0,0,0,0,0,1,0,0,0
0,0,0,0,0,0,0,4,248.7,0,0,0,0
0,0,0,0,0,0,0,4,107.8,0,0,0,1
3,0,0,0.5,0,0,0,1,5.9,0,0,1,0
0,0,0,0.5,0,0,0,0,0,3,0,0,0
0,0,0,0,0,0,0,4,70.2,0,0,0,0
0,0,0,0,0,0,0,4,137.7,0,0,1,0
0,0,0,0,0,0,0,4,102,0,0,0,0
0,0,0,0,0,0,0,4,30.8,0,0,1,1
0,0,0,1,0,0,0,4,61.6,0,0,1,0
0,0,0,1,0,0,0,4,105.7,0,0,0,1
0,0,0,0,0,0,0,4,150.4,0,0,0,0
0,0,0,0,0,0,0,4,62.3,0,1,0,0
0,0,0,0.5,0,0,0,0,0,16,0,0,0
0,0,0,1,0,0,0,4,79.5,0,0,1,0
0,0,0,0,0,0,0,4,149.2,0,1,0,0
0,0,0,1,0,0,0,4,29.1,0,0,0,1
1,0,1,0.6,0,0,0,3,23,0,0,1,0
0,0,0,1,0,0,0,4,92.6,0,0,0,0
0,0,0,0,0,0,0,2,27.1,0,0,0,0
0,0,0,1,0,0,0,4,148.3,0,0,0,0
1,1,1,1,0,0,0,1,8.8,0,1,0,0
1,0,1,0,0,0,0,3,51.5,1,0,0,0
0,0,0,1,0,0,0,1,0.8,4,0,0,0
0,0,0,0,0,0,0,0,0,9,0,0,1
0,0,0,1,0,0,12,0,0,0,0,0,0
0,0,0,1,0,0,0,4,194.2,0,0,0,0
1,1,1,0,7.8,7.8,0,1,13,0,0,0,0
0,0,0,0.5,0,0,0,4,182.2,0,0,0,0
1,0,0,1,0,0,0,3,15.9,3,0,0,0
0,0,0,0,0,0,0,3,47.5,18,0,0,1
1,0,0,0,0,0,0,4,116.6,0,0,1,0
0,0,0,1,0,0,0,3,37.7,0,0,0,0
0,0,0,0.67,0,0,0,0,0,7,1,0,0
0,0,0,0.5,0,0,0,0,0,15,1,0,1
0,0,0,0,0,0,0,4,54.2,0,0,0,1
0,0,0,0,0,0,0,0,0,1,0,0,0
0,0,0,0.67,0,0,0,2,7.1,0,0,1,1
0,0,0,0,0,0,0,4,88.5,0,0,0,0
0,0,0,1,0,0,0,0,0,1,0,0,1
0,0,0,0.6,0,0,0,2,5,4,0,0,0
0,0,0,0,0,0,0,2,28.9,0,0,0,0
0,0,0,0,0,0,0,0,0,7,0,1,0
6,3,0,1,0,0,0,0,0,1,1,0,1
0,0,0,0,0,0,0,3,34.1,0,1,0,0
0,0,0,0.38,0,0,0,4,179.5,0,1,0,0
0,0,0,0,0,0,0,0,0,4,0,0,0
0,0,0,0,0,0,0,0,0,2,0,1,1
0,0,0,1,0,0,0,4,98.2,0,0,0,0
0,0,0,0.33,0,0,0,1,0.4,23,1,0,0
0,0,0,1,0,0,0,4,218.4,0,0,1,1
3,3,0,0.23,0,0,0,0,0,1,1,0,0
1,1,1,0.2,0,0,0,0,0,9,0,1,0
0,0,0,0.33,0,0,0,4,124.1,0,0,0,0
0,0,0,0,0,0,0,4,197.1,0,0,0,0
0,0,0,0,0,0,0,3,98.8,0,0,1,0
0,0,0,0.5,0,0,0,0,0,17,0,1,0
0,0,0,0.5,0,0,0,0,0,6,0,0,0
0,0,0,0,0,0,0,4,57.4,0,0,0,0
0,0,0,0,0,0,0,3,56.1,1,0,1,0
0,0,0,0.5,0,0,0,4,124.7,0,0,0,0
0,0,0,1,0,0,0,4,187.6,0,0,0,1
0,0,0,0,0,0,0,3,8.7,0,1,0,0
0,0,0,1,0,0,0,3,103.2,0,0,0,0
1,0,0,0.5,0,0,0,4,62.5,0,1,0,1
0,0,0,0,0,0,0,4,124,0,0,0,0
0,0,0,0.8,0,0,0,2,21.8,3,0,1,0
0,0,0,0.5,0,0,0,4,42.1,0,0,0,0
0,0,0,0,0,0,0,3,12.1,0,0,0,0
0,0,0,0,0,0,0,4,137,0,1,0,0
1,0,0,0,0,0,0,0,0,2,0,0,0
0,0,0,0,0,0,0,3,88.2,0,0,0,0
0,0,0,0,0,0,0,4,72.6,0,0,0,0
1,0,0,0.25,0,0,0,1,1.3,12,0,0,1
0,0,0,1,0,0,0,2,10.1,0,0,0,0
0,0,0,0,0,0,0,0,0,3,1,0,1
0,0,0,0.75,18.9,18.9,0,4,190.6,0,0,0,0
0,0,0,0,0,0,0,2,20.9,0,0,0,0
1,1,0,0.5,0,0,0,4,72.3,0,0,0,0
0,0,0,1,0,0,0,4,144.3,0,0,1,0
0,0,0,0,0,0,0,4,123.3,0,0,0,0
2,2,0,0.14,0,0,0,0,0,4,1,0,0
0,0,0,0,0,0,0,4,55.7,0,0,0,0
0,0,0,1,0,0,0,4,282.9,0,0,0,1
0,0,0,0.71,0,0,0,3,51.8,4,0,1,0
0,0,0,1,0,0,0,1,10.2,1,0,0,0
0,0,0,0.29,0,0,0,0,0,7,1,0,0
0,0,0,1,0,0,0,1,3.5,3,0,0,0
0,0,0,0,0,0,0,0,0,2,0,0,0
0,0,0,1,0,0,0,4,73.1,0,0,0,0
0,0,0,0,0,0,0,0,0,3,0,0,0
0,0,0,0,0,0,0,4,139.8,0,0,0,0
0,0,0,0,0,0,0,4,62.5,0,1,0,1
0,0,0,0,0,0,0,4,226.7,0,0,0,1
0,0,0,0,0,0,0,4,142.4,0,0,0,0
0,0,0,1,0,0,0,1,0.6,0,0,0,0
0,0,0,1,0,0,0,4,145.3,0,0,0,0
4,3,0,0,0,0,0,0,0,18,1,0,0
2,2,0,0.5,0,0,0,0,0,2,0,0,0
0,0,0,1,0,0,0,4,36.7,0,0,0,0
0,0,0,1,0,0,0,0,0,2,0,0,1
0,0,0,0,0,0,0,4,55.1,0,1,0,0
0,0,0,0.17,0,0,12,0,0,0,1,0,1
1,1,0,0.4,0,0,0,2,7.6,25,0,0,0
0,0,0,0,0,0,0,4,211.5,0,0,1,0
0,0,0,1,0,0,0,0,0,8,1,0,0
2,2,2,0,0,0,0,2,7.2,11,0,0,0
0,0,0,0.75,0,0,0,0,0,18,0,1,0
1,1,1,1,0,0,0,0,0,8,1,0,1
0,0,0,1,0,0,0,2,110.9,0,0,1,0
0,0,0,0,0,0,0,4,122,0,0,1,0
1,1,0,0.67,5.6,5.6,0,0,0,5,1,0,0
0,0,0,0,0,0,0,4,105.9,0,0,0,0
0,0,0,0,0,0,0,4,108.1,0,0,1,0
0,0,0,0,0,0,0,2,6.1,0,0,1,0
1,0,1,1,0,0,0,3,15.5,1,0,0,0
0,0,0,0.2,0,0,0,2,3.8,0,0,0,0
0,0,0,0,0,0,0,4,111.2,0,0,0,0
0,0,0,0.5,0,0,0,4,120.8,0,0,1,0
0,0,0,0,0,0,0,0,0,6,0,0,1
0,0,0,0.5,0,0,0,3,23.6,0,0,0,0
3,2,1,0.6,0,0,0,3,6.7,2,0,1,1
0,0,0,0,0,0,0,1,6.3,8,0,0,0
0,0,0,0.5,0,0,0,4,41.6,0,0,1,0
0,0,0,0,0,0,0,4,52.7,0,0,0,0
0,0,0,1,0,0,0,4,192.2,0,0,0,0
1,1,0,1,0,0,0,4,100.7,0,0,0,0
0,0,0,0,0,0,0,1,0.3,2,0,1,0
3,3,3,0,0,0,0,2,5.6,0,1,0,0
0,0,0,0,0,0,0,4,89.3,0,0,0,0
1,0,0,0,0,0,0,3,38.5,0,0,0,1
0,0,0,0,0,0,0,1,14.9,0,0,0,0
0,0,0,0,0,0,0,2,14.4,2,0,0,0
0,0,0,0,0,0,0,4,85.5,0,0,0,1
1,1,0,0,0,0,0,4,182.5,0,0,0,0
0,0,0,0.38,0,0,12,0,0,0,0,1,0
0,0,0,0,0,0,0,4,125.1,0,0,0,1
5,3,4,0,0,0,0,0,0,16,0,0,0
0,0,0,0.6,0,0,0,4,88.1,0,0,1,1
0,0,0,1,0,0,0,4,92.6,0,0,0,0
0,0,0,0.2,0,0,0,0,0,6,1,0,1
0,0,0,1,0,0,0,4,132,0,0,1,1
0,0,0,0.5,0,0,0,0,0,5,0,0,0
1,0,1,0,0,0,0,4,89.5,0,0,0,0
0,0,0,0.75,0,0,9,0,0,3,0,1,0
0,0,0,0.5,0,0,0,2,4.1,0,1,0,0
0,0,0,0,0,0,0,0,0,3,0,0,1
0,0,0,1,0,0,0,4,130.5,0,0,0,1
1,0,0,0.25,0,0,0,4,83.3,0,0,1,0
0,0,0,0,0,0,0,4,116,0,1,0,0
0,0,0,1,0,0,0,2,10.2,4,0,0,0
0,0,0,1,0,0,0,2,38.4,1,0,1,0
0,0,0,1,0,0,0,1,10,6,0,0,0
1,0,0,0,0,0,0,3,23.1,0,0,1,1
0,0,0,0,0,0,0,3,46.5,0,0,0,0
0,0,0,1,0,0,0,0,0,8,0,1,1
0,0,0,1,0,0,0,4,23.1,0,0,0,0
0,0,0,1,0,0,0,4,258.6,0,0,0,0
0,0,0,1,0,0,0,4,142.4,0,0,0,0
0,0,0,0,0,0,0,4,140.2,0,0,0,0
0,0,0,1,0,0,0,4,109.4,0,0,0,0
0,0,0,0.5,1.4,1.4,0,3,4.5,0,0,0,0
0,0,0,0.5,0,0,0,4,88.3,0,0,0,0
0,0,0,0,0,0,0,2,15.9,1,0,0,0
0,0,0,1,0,0,0,2,21.9,0,0,0,0
0,0,0,1,0,0,0,3,42.5,1,0,0,0
0,0,0,0,0,0,0,1,9.5,0,0,0,0
1,1,1,0.67,0,0,0,3,75.2,0,0,0,0
0,0,0,0,0,0,0,0,0,8,0,0,1
0,0,0,0.14,0,0,12,0,0,0,1,0,0
0,0,0,0,0,0,0,4,108.7,0,1,0,0
1,0,0,0.67,0,0,0,0,0,19,1,0,0
0,0,0,0.5,0,0,0,4,89.6,0,0,1,0
0,0,0,1,0,0,0,1,1.9,3,1,0,0
0,0,0,1,0,0,0,4,75.2,0,0,0,0
0,0,0,0,0,0,0,2,27,0,0,0,0
0,0,0,0.23,0,0,7,0,0,2,1,0,0
0,0,0,0.5,0,0,0,4,95.1,0,0,0,0
0,0,0,0.5,0,0,0,0,0,17,0,0,0
0,0,0,0,0,0,0,3,72.5,0,0,1,0
0,0,0,0,0,0,0,1,14.6,7,0,0,0
0,0,0,0.5,0,0,0,4,143.1,0,0,0,0
1,0,0,0.38,0,0,0,2,12.7,0,0,0,1
0,0,0,1,0,0,0,4,250.4,0,0,0,0
0,0,0,0,0,0,0,4,108.4,0,0,0,0
1,0,0,0.25,0,0,0,4,102.2,0,0,0,0
0,0,0,0,0,0,0,4,75.6,0,0,1,0
0,0,0,1,0,0,0,4,54.2,0,0,0,0
0,0,0,0.67,0,0,0,3,18.3,14,1,0,0
0,0,0,0.5,0,0,0,3,41.8,5,1,0,1
0,0,0,0.67,0,0,0,4,92.5,0,1,0,1
2,2,0,1,19.3,19.3,0,2,14.5,0,1,0,1
1,0,0,0.5,0,0,0,2,38.4,0,0,1,0
0,0,0,0.17,0,0,12,0,0,0,0,1,0
0,0,0,1,0,0,0,0,0,7,0,1,0
1,1,0,0,0,0,0,1,1.2,3,0,0,0
0,0,0,0,0,0,0,0,0,1,0,0,1
2,1,0,0.36,0,0,2,0,0,13,1,0,1
0,0,0,0,0,0,0,4,61.9,0,0,1,0
0,0,0,0,0,0,0,4,174.3,0,0,0,1
0,0,0,0,0,0,0,1,6.9,0,0,0,1
1,0,1,0.33,0,0,0,0,0,2,0,0,0
0,0,0,1,0,0,0,3,56.9,1,0,0,0
2,0,0,0.5,0,0,0,2,2.3,2,0,1,0
0,0,0,1,0,0,0,4,89.5,0,0,1,1
2,2,1,1,0,0,0,4,82.4,0,0,1,0
0,0,0,0.5,0,0,0,4,118,0,0,0,0
0,0,0,0,0,0,0,4,41.7,0,0,0,0
0,0,0,0,0,0,0,4,175.1,0,1,0,0
0,0,0,0,0,0,0,0,0,3,0,0,0
0,0,0,0,0,0,0,4,114.3,0,0,0,1
0,0,0,0,0,0,0,4,115.4,0,0,1,0
0,0,0,0.5,0,0,0,4,12.4,0,0,0,0
0,0,0,0.5,0,0,0,0,0,11,0,0,0
4,1,0,0.67,0,0,0,0,0,1,0,1,0
0,0,0,1,0,0,0,0,0,1,0,0,1
2,0,0,0.29,0,0,0,0,0,4,0,1,1
0,0,0,0,0,0,0,0,0,5,0,0,0
0,0,0,0,0,0,0,4,71.4,0,0,0,0
0,0,0,0.4,0,0,0,0,0,8,0,1,0
0,0,0,0.5,0,0,0,3,30.7,0,0,0,0
0,0,0,0,0,0,0,3,88,0,0,0,0
1,1,1,0.25,0,0,0,0,0,6,0,1,0
0,0,0,0,0,0,0,4,88.4,0,0,0,0
0,0,0,0,0,0,0,0,0,4,0,0,0
0,0,0,1,0,0,0,2,11.3,0,0,0,0
0,0,0,0,0,0,0,3,83.7,9,0,0,0
0,0,0,1,0,0,0,4,118.8,0,0,1,0
1,1,0,0,0,0,0,2,73.8,0,0,1,0
1,0,1,0,0,0,0,2,20.3,0,0,0,0
0,0,0,0.5,0,0,0,1,7.8,25,0,1,0
0,0,0,1,0,0,0,2,44.4,4,0,0,0
0,0,0,0,0,0,0,1,4.6,0,0,0,0
0,0,0,0,0,0,0,3,34.3,0,0,0,0
0,0,0,1,0,0,0,3,72.6,1,0,0,0
0,0,0,1,0,0,0,4,171.1,0,0,0,0
2,2,1,0.5,0,0,0,0,0,7,1,0,0
0,0,0,0.5,0,0,0,4,271.5,0,0,0,0
0,0,0,0,0,0,0,0,0,4,0,0,0
1,1,0,1,0,0,0,4,113.5,0,1,0,1
0,0,0,0.33,0,0,0,2,5.6,1,0,0,0
0,0,0,0,0,0,0,1,4.1,1,0,0,1
0,0,0,1,0,0,0,4,250.9,0,1,0,0
0,0,0,1,0,0,0,0,0,6,0,0,0
0,0,0,1,0,0,0,0,0,6,0,0,0
0,0,0,0,0,0,0,4,133.5,0,1,0,1
0,0,0,1,0,0,0,4,63.2,0,0,0,0
2,2,0,0.5,0,0,0,0,0,6,0,1,0
1,0,0,0,0,0,0,2,21.8,0,0,0,0
0,0,0,0,0,0,0,4,147.3,0,1,0,0
0,0,0,0,0,0,0,4,69.3,0,0,0,0
0,0,0,0.67,0,0,0,3,31.8,0,0,1,0
0,0,0,0,0,0,0,4,152.2,0,0,1,1
1,1,1,0.5,0,0,0,1,5.2,0,1,0,0
0,0,0,1,0,0,0,4,41.3,0,0,0,1
0,0,0,1,0,0,0,4,504.4,0,0,0,0
0,0,0,0,0,0,0,2,11.8,1,1,0,1
0,0,0,0.5,0,0,0,3,12.5,0,0,0,0
0,0,0,0.67,0,0,12,0,0,0,0,0,0
0,0,0,1,0,0,0,4,122.7,0,0,0,0
0,0,0,1,0,0,0,4,210.1,0,0,0,0
0,0,0,0.5,0,0,0,3,15.7,0,0,0,1
0,0,0,1,0,0,0,2,27.1,6,0,0,0
0,0,0,1,0,0,0,4,15.2,0,0,0,0
0,0,0,1,0,0,0,4,153.2,0,0,0,0
0,0,0,0,0,0,0,4,104.6,0,0,1,0
0,0,0,1,0,0,0,1,3.8,0,0,0,0
0,0,0,1,0,0,0,0,0,5,1,0,1
0,0,0,0,0,0,0,3,59.8,0,0,1,1
0,0,0,1,0,0,0,1,0.5,0,0,0,1
0,0,0,1,0,0,0,2,26.4,0,0,0,0
2,1,0,0,0,0,0,0,0,25,1,0,0
0,0,0,0,0,0,0,3,143.4,0,0,0,0
0,0,0,0,0,0,0,4,50,0,0,0,0
0,0,0,0.5,0,0,0,1,2.1,11,0,0,0
1,0,0,0,0,0,0,3,75.4,0,0,0,0
1,1,1,0.3,0,0,0,0,0,2,1,0,1
1,0,0,0,0,0,0,0,0,2,0,0,0
0,0,0,0,0,0,0,3,161.8,0,0,0,0
0,0,0,0,0,0,0,4,219.1,0,1,0,1
0,0,0,1,0,0,0,0,0,7,0,0,0
0,0,0,0.5,0,0,12,0,0,0,0,1,0
0,0,0,1,0,0,0,4,67.3,0,0,0,0
0,0,0,1,0,0,0,0,0,4,1,0,1
0,0,0,1,0,0,0,2,24.7,0,0,0,1
0,0,0,0.5,0,0,10,0,0,1,0,0,0
0,0,0,0.25,0,0,0,4,124.1,0,0,0,0
0,0,0,0,0,0,0,4,67.2,0,0,1,0
0,0,0,0,0,0,0,4,55.5,0,0,1,0
0,0,0,0,0,0,0,0,0,9,0,1,0
0,0,0,0,0,0,0,4,94.4,0,0,0,1
1,0,1,0.5,0,0,0,2,15.4,21,0,0,0
0,0,0,0.5,0,0,0,3,86,1,0,0,0
5,3,0,0.67,0,0,4,1.8,5.4,3,0,1,0
0,0,0,0,0,0,0,1,33.5,0,0,1,0
0,0,0,1,0,0,0,0,0,2,1,0,1
0,0,0,0,0,0,0,2,25,7,0,0,1
0,0,0,0.5,0,0,0,3,135.1,0,0,1,0
0,0,0,0.5,0.3,0.3,12,0,0,0,0,0,1
0,0,0,1,0,0,0,3,155.9,0,0,0,0
0,0,0,0.2,0,0,0,1,2.6,1,0,0,0
1,1,1,0.4,0,0,0,1,0.8,0,1,0,0
0,0,0,1,0,0,0,4,92.9,0,0,0,0
1,1,0,0.5,0,0,0,0,0,20,1,0,0
0,0,0,1,0,0,0,0,0,4,0,0,1
0,0,0,0,0,0,0,0,0,9,0,0,0
0,0,0,0,0,0,0,4,157.1,0,0,0,1
0,0,0,0,0,0,0,0,0,6,0,0,1
0,0,0,0,0,0,0,4,248.2,0,0,0,0
0,0,0,0.5,0,0,0,0,0,5,0,1,0
0,0,0,0,0,0,0,3,10.6,2,0,0,0
1,0,0,0.56,0,0,0,0,0,3,0,1,0
0,0,0,0,0,0,0,2,43.1,8,0,1,0
0,0,0,0,0,0,0,4,108.2,0,0,0,1
0,0,0,0,0,0,0,4,216.1,0,0,1,0
0,0,0,0,0,0,0,0,0,4,0,0,0
0,0,0,1,0,0,0,2,68.6,2,1,0,0
0,0,0,0.67,0,0,0,0,0,3,1,0,1
0,0,0,0.5,0,0,0,4,97.8,0,0,0,0
0,0,0,1,0,0,0,3,55.7,0,0,0,1
0,0,0,0,0,0,0,2,5.5,0,0,0,0
0,0,0,0.33,0,0,0,4,143.7,0,0,1,0
0,0,0,0.13,0,0,12,0,0,0,0,1,0
0,0,0,0.5,0,0,0,1,8.4,0,0,0,0
0,0,0,1,0,0,0,0,0,8,0,0,1
0,0,0,0,0,0,0,0,0,7,1,0,0
0,0,0,0,0,0,0,4,95.9,0,0,1,0
0,0,0,0.5,0,0,0,4,174.8,0,0,1,0
0,0,0,0,0,0,0,3,85,0,0,0,0
1,1,0,1,0,0,0,0,0,5,0,0,1
0,0,0,1,0,0,0,0,0,1,0,0,0
0,0,0,1,0,0,0,4,95.9,0,0,0,1
5,5,0,0,0,0,0,0,0,1,0,0,0
0,0,0,1,0,0,0,3,51.6,0,0,0,0
0,0,0,0.5,0,0,0,3,45.4,1,0,0,0
0,0,0,1,0,0,0,2,9.9,0,0,1,0
0,0,0,0.67,0,0,0,1,18.1,5,0,0,0
0,0,0,1,0,0,0,3,113,0,0,0,0
0,0,0,1,0,0,0,4,180.7,0,0,0,1
0,0,0,0.5,1.1,1.1,12,0,0,0,0,1,0
0,0,0,1,0,0,0,2,13.2,6,0,0,1
0,0,0,1,0,0,0,3,17.4,0,0,1,0
1,0,0,0.33,0,0,0,1,7.3,0,1,0,0
0,0,0,0,0,0,0,0,0,8,0,0,0
0,0,0,0,0,0,0,3,28.9,0,0,0,0
0,0,0,0.33,0,0,0,0,0,4,1,0,1
1,1,1,0,0,0,0,0,0,5,1,0,0
1,1,0,1,0,0,0,4,202,0,0,0,0
1,1,0,0,0,0,0,2,15.1,0,0,1,0
0,0,0,0,0,0,0,2,25.6,3,1,0,1
1,1,0,0.25,0,0,0,0,0,8,0,1,0
2,1,0,0.5,0,0,0,1,1,13,0,0,1
1,0,0,0.5,0,0,0,4,97.7,0,0,1,0
0,0,0,0,0,0,0,2,25.2,0,0,0,0
0,0,0,0.5,0,0,0,4,201,0,0,1,0
0,0,0,0,0,0,0,4,146.1,0,0,0,1
0,0,0,1,0,0,0,2,6.7,0,0,0,0
0,0,0,1,0,0,0,4,59,0,0,0,0
1,1,1,0,0,0,8,1,12.1,0,1,0,1
1,0,0,0.5,0,0,0,3,6.2,0,0,0,0
0,0,0,1,0,0,0,4,101.6,0,0,1,0
0,0,0,0,0,0,0,4,170.2,0,0,0,1
0,0,0,1,9.8,9.8,0,2,14,3,0,0,0
2,0,0,0.5,0,0,0,4,212,0,0,0,1
0,0,0,0,0,0,0,4,220.3,0,0,0,0
0,0,0,0,0,0,0,0,0,7,0,0,0
0,0,0,0,0,0,0,4,85.4,0,0,0,1
0,0,0,0,0,0,0,0,0,6,0,0,0
0,0,0,0,0,0,0,4,96.9,0,0,0,0
0,0,0,0,0,0,0,4,87.6,0,0,1,1
0,0,0,0.67,0,0,0,4,57.3,0,0,0,0
0,0,0,0,0,0,0,4,73.6,0,0,0,1
0,0,0,0.67,0,0,12,0,0,0,0,1,0
2,2,2,0.43,0,0,0,1,0.2,1,0,0,0
0,0,0,0,0,0,0,4,154.3,0,0,0,0
0,0,0,0,0,0,0,3,48.8,0,1,0,0
0,0,0,0.33,0,0,0,3,91.9,0,0,0,0
0,0,0,1,0,0,0,4,80.4,0,0,0,0
1,0,0,0,0,0,0,4,61.1,0,0,0,0
0,0,0,0,0,0,0,0,0,5,0,0,0
0,0,0,0,0,0,0,2,33.2,2,0,0,0
2,2,1,0.67,0,0,0,0,0,13,1,0,0
1,1,1,0.33,0,0,0,2,6.7,0,0,0,0
1,1,1,0,0,0,0,3,26.2,0,0,0,0
0,0,0,0.25,0,0,0,3,19.1,0,0,0,0
0,0,0,1,0,0,0,1,0.5,2,0,0,0
1,1,0,0.4,0,0,0,0,0,1,0,1,0
0,0,0,1,0,0,0,4,96.7,0,0,0,0
5,4,4,0.5,0,0,4,0,0,4,0,0,0
1,0,1,0,0,0,0,4,158.1,0,0,0,1
1,1,0,0,0,0,0,4,108.3,0,0,0,0
0,0,0,0,0,0,0,4,151.4,0,0,0,0
0,0,0,0,0,0,0,4,161.6,0,0,1,0
0,0,0,0,0,0,0,4,58.2,0,0,0,1
0,0,0,0,0,0,0,4,108.7,0,1,0,0
0,0,0,0.33,0,0,0,0,0,5,0,1,1
0,0,0,0,0,0,0,4,113.1,0,0,0,1
0,0,0,1,0,0,0,4,26,0,0,0,1
0,0,0,0,0,0,0,1,1.7,0,0,0,0
1,1,0,0,0,0,0,3,14.8,0,0,0,1
0,0,0,0.17,0,0,0,2,3.9,6,0,1,0
0,0,0,0.5,0,0,0,4,142.4,0,1,0,0
0,0,0,1,0,0,0,4,157.1,0,0,0,0
0,0,0,0,0,0,0,4,112.1,0,0,1,1
0,0,0,0,0,0,0,0,0,2,0,0,0
0,0,0,0,0,0,0,4,79.2,0,0,0,1
1,0,1,0.67,0,0,0,3,23.9,0,1,0,0
0,0,0,0,0,0,0,3,170.4,0,0,1,1
0,0,0,0,0,0,0,0,0,8,0,1,0
0,0,0,1,0,0,0,0,0,5,0,1,1
0,0,0,1,0,0,0,4,234.7,0,0,0,0
0,0,0,1,12.2,12.2,9,0,0,5,1,0,0
0,0,0,0.67,0,0,0,3,7.1,0,0,1,0
0,0,0,0.5,0,0,0,4,175.8,0,0,0,1
0,0,0,0,0,0,0,2,2.9,11,0,0,0
0,0,0,0.5,0,0,0,4,90.6,0,0,0,0
0,0,0,0,0,0,0,4,247.9,0,1,0,1
0,0,0,0,0,0,0,4,117.4,0,0,0,0
1,1,1,0,0,0,0,2,25.1,0,1,0,1
0,0,0,0,0,0,0,4,44.2,0,0,0,0
0,0,0,0,0,0,0,4,61.8,0,0,0,1
0,0,0,1,0,0,0,4,60.8,0,1,0,0
0,0,0,1,0,0,0,4,149.6,0,0,0,0
0,0,0,0.5,0,0,0,0,0,4,0,0,1
0,0,0,1,0,0,0,0,0,9,0,1,1
0,0,0,0,0,0,0,4,167.6,0,0,0,0
0,0,0,1,0,0,0,4,102.1,0,0,0,0
1,1,1,0.33,0,0,0,1,1,6,0,0,0
0,0,0,0,0,0,0,4,116.8,0,0,0,0
0,0,0,1,0,0,0,0,0,2,0,0,1
0,0,0,0,0,0,0,1,19.3,2,0,0,1
0,0,0,1,0,0,0,4,169.5,0,0,0,1
0,0,0,1,0,0,0,4,114.6,0,0,0,0
0,0,0,1,0,0,0,4,60.6,0,0,0,0
0,0,0,0,0,0,0,2,21.1,4,0,0,1
0,0,0,1,0,0,0,0,0,3,0,0,0
0,0,0,0,0,0,0,3,87.4,2,0,0,0
0,0,0,0,0,0,0,4,56.8,0,1,0,0
0,0,0,0,0,0,0,4,41.3,0,0,1,0
0,0,0,0,0,0,0,1,14.2,0,0,0,0
2,0,1,0.25,0,0,0,1,0.8,1,0,0,0
0,0,0,0.25,0,0,0,0,0,2,1,0,1
0,0,0,0.33,0,0,0,0,0,15,0,0,0
1,1,1,1,0,0,3,0,0,10,0,0,1
0,0,0,1,0,0,0,4,242,0,0,0,0
1,1,0,0,0,0,0,2,36.4,1,0,0,0
0,0,0,0,0,0,0,4,42.8,0,1,0,1
0,0,0,0,0,0,0,4,151.3,0,0,0,1
0,0,0,0,0,0,0,4,29.5,0,0,0,0
1,1,0,0.67,2.2,2.2,0,0,0,4,0,0,0
0,0,0,0.5,0,0,0,1,0.2,0,0,1,0
0,0,0,0,0,0,0,4,258.3,0,0,0,0
0,0,0,0,0,0,0,1,27.3,3,0,0,0
1,1,0,0.33,0,0,0,0,0,2,0,1,0
0,0,0,0,0,0,0,4,16.7,0,0,0,0
1,0,0,1,0,0,0,4,140.8,0,0,0,0
0,0,0,0,0,0,0,4,203,0,0,0,1
0,0,0,0.33,1.1,1.1,0,4,57,0,0,0,0
0,0,0,0,0,0,0,0,0,6,1,0,1
0,0,0,0.6,0,0,0,4,88.7,0,0,0,0
1,1,0,0.6,0,0,0,3,41.4,0,0,1,1
0,0,0,0.33,0,0,0,0,0,3,0,0,0
0,0,0,0.5,0,0,0,4,43.6,0,1,0,0
0,0,0,1,0,0,0,0,0,5,0,0,0
0,0,0,0.5,0,0,0,1,18.1,0,0,1,0
0,0,0,0,0,0,0,1,5.3,2,0,0,0
0,0,0,1,0,0,0,3,53.3,2,0,0,0
0,0,0,1,0,0,7,0,0,3,0,0,1
1,1,0,1,0,0,0,4,12.8,0,0,1,0
0,0,0,1,0,0,0,4,183.9,0,0,1,1
0,0,0,1,0,0,0,4,231.2,0,0,0,1
0,0,0,0.5,0,0,0,4,123.5,0,0,0,1
0,0,0,0,0,0,0,0,0,3,0,0,0
0,0,0,0,0,0,0,1,0.4,1,0,0,0
0,0,0,1,0,0,0,0,0,9,0,0,0
0,0,0,1,0,0,7,0,0,1,0,0,1
0,0,0,0,0,0,0,4,48.6,0,0,0,0
0,0,0,0.5,0,0,12,0,0,0,0,0,0
0,0,0,0.5,0,0,0,4,113.3,0,0,0,0
2,2,0,0.5,0,0,3,2,14.2,0,0,0,1
0,0,0,1,0,0,0,4,84.1,0,0,0,0
0,0,0,0,0,0,0,3,51.1,0,0,0,1
1,0,0,0,0,0,0,4,61.9,0,0,1,0
0,0,0,1,0,0,0,4,53,0,0,0,0
0,0,0,0,0,0,0,2,8.1,0,0,0,0
0,0,0,1,0,0,0,4,306.6,0,0,0,0
3,1,1,0.6,0,0,0,2,5.3,0,0,0,1
0,0,0,0,0,0,0,4,163.8,0,0,0,0
0,0,0,0,0,0,0,0,0,1,0,0,0
0,0,0,1,0,0,0,4,25.5,0,0,1,0
0,0,0,0,0,0,0,4,97,0,0,0,0
0,0,0,0,0,0,0,4,184.5,0,0,0,1
0,0,0,0,0,0,0,0,0,2,0,1,0
1,0,0,1,0,0,0,3,12.2,0,1,0,0
0,0,0,0.5,0,0,0,3,45.5,1,0,0,0
0,0,0,0,0,0,0,4,252.1,0,0,1,0
0,0,0,0,0,0,0,3,47.1,0,0,0,0
0,0,0,0.5,0,0,0,4,111,0,0,1,1
0,0,0,0,0,0,0,4,215.1,0,0,1,1
0,0,0,0,0,0,0,3,53.7,0,0,0,0
0,0,0,0,0,0,0,2,11.1,7,0,0,0
0,0,0,0,0,0,0,4,34.2,0,0,0,0
0,0,0,0.67,0,0,0,2,15.4,0,0,0,0
0,0,0,0,0,0,0,4,39.7,0,0,1,0
0,0,0,0.5,0,0,0,4,1.9,0,0,1,0
0,0,0,0.25,0,0,0,1,2.2,0,0,0,0
0,0,0,0,0,0,0,4,167.8,0,0,0,1
0,0,0,0,0,0,0,4,135.1,0,0,0,1
1,1,0,0.75,0,0,0,0,0,19,1,0,0
0,0,0,0.5,0,0,0,4,164.2,0,0,0,0
0,0,0,1,0,0,0,4,108.4,0,0,0,0
0,0,0,1,0,0,0,4,12.7,0,0,0,1
0,0,0,1,0,0,0,3,90.8,1,0,0,0
0,0,0,0,0,0,0,0,0,2,0,0,0
4,4,3,0,0,0,6,0,0,6,0,1,1
1,0,0,1,0,0,0,1,13.3,1,0,1,1
1,0,0,0.57,0,0,0,0,0,5,0,1,1
0,0,0,0.22,0,0,12,0,0,0,0,0,1
0,0,0,0.67,0,0,10,0,0,4,1,0,1
3,1,1,0.63,0,0,0,1,0.7,0,1,0,0
0,0,0,0.33,0,0,0,4,102.2,0,0,1,0
0,0,0,0,0,0,0,4,76.6,0,0,0,0
0,0,0,0,0,0,0,4,137.3,0,0,1,0
0,0,0,0,0,0,0,2,5.7,0,0,0,0
0,0,0,1,17.1,17.1,0,3,20.3,1,1,0,0
0,0,0,0.38,0,0,0,0,0,1,0,0,0
0,0,0,1,0,0,0,4,41.2,0,0,0,0
0,0,0,0,0,0,0,0,0,4,0,0,1
0,0,0,1,0,0,0,4,62.4,0,0,0,0
0,0,0,0,0,0,0,1,17.7,2,0,0,1
0,0,0,0,0,0,0,3,2.3,0,0,1,0
0,0,0,0,0,0,0,3,3.9,0,0,0,0
0,0,0,1,0,0,0,4,34.5,0,0,0,0
0,0,0,0,0,0,0,4,43.7,0,0,1,0
0,0,0,1,0,0,0,3,129.1,4,0,0,1
0,0,0,1,0,0,0,3,192.2,0,0,0,1
0,0,0,1,0,0,0,2,20.7,11,0,1,1
0,0,0,1,0,0,0,1,6,0,0,0,0
1,1,0,0,0,0,0,4,35,0,0,0,0
0,0,0,0,0,0,0,4,23.5,0,0,0,0
0,0,0,0,0,0,0,4,139.4,0,0,1,0
0,0,0,0,0,0,0,3,72.5,0,0,0,0
1,0,0,0.5,0,0,0,2,23.9,0,0,1,0
0,0,0,0.5,0,0,0,4,85.1,0,0,1,0
0,0,0,0,0,0,0,1,5,14,0,1,1
0,0,0,0,0,0,0,3,26.9,0,0,1,0
1,1,1,0.5,0,0,0,0,0,13,1,0,0
0,0,0,1,0,0,0,3,58,1,0,1,1
0,0,0,0,0,0,0,4,178.3,0,0,0,1
0,0,0,0,0,0,0,4,160.1,0,0,0,1
0,0,0,1,0,0,0,4,35,0,0,0,0
0,0,0,0,0,0,0,1,32,1,0,0,1
0,0,0,0,0,0,0,1,0.1,0,0,0,0
0,0,0,0,0,0,0,4,116.6,0,1,0,1
0,0,0,1,0,0,0,3,78.3,0,0,1,0
0,0,0,0.5,0,0,0,3,46.5,0,0,0,0
0,0,0,1,0,0,0,4,37.7,0,1,0,1
0,0,0,0,0,0,0,1,3.2,3,1,0,0
0,0,0,0,0,0,0,4,123.2,0,0,0,0
1,0,0,0,0,0,0,3,43.9,1,0,0,0
0,0,0,0,0,0,0,3,136.2,1,0,0,0
0,0,0,0,0,0,0,4,130.4,0,0,1,0
0,0,0,0,0,0,0,4,143.4,0,0,0,0
0,0,0,0,0,0,0,2,14,0,0,0,0
0,0,0,0,0,0,0,4,188,0,0,0,0
1,0,0,0,0,0,0,2,40.7,0,0,0,0
0,0,0,0,0,0,0,1,21.2,3,0,0,0
0,0,0,0.5,0,0,0,4,102.7,0,0,0,0
0,0,0,0.25,0,0,0,3,49,2,0,0,0
4,2,1,0.29,0,0,0,0,0,12,1,0,0
0,0,0,0.5,0,0,0,3,31,0,0,0,0
0,0,0,0.5,0,0,0,3,40.6,2,0,1,0
0,0,0,0,0,0,0,4,173.8,0,0,0,0
0,0,0,0,0,0,0,4,105.2,0,0,1,0
0,0,0,0,0,0,0,2,10.8,3,1,0,0
1,0,0,0,0,0,0,0,0,1,0,1,1
2,2,1,0.33,0,0,0,2,9.7,0,0,0,0
1,0,0,0,0,0,0,3,107,0,0,1,0
2,0,1,1,0,0,0,1,1.9,3,0,1,1
1,1,0,0,0,0,0,4,103.2,0,0,0,0
0,0,0,0,0,0,0,4,101.1,0,0,0,1
0,0,0,0,0,0,0,4,210.5,0,0,1,0
0,0,0,0,0,0,0,4,74.3,0,0,0,0
0,0,0,0,0,0,0,4,148.1,0,0,0,0
1,1,0,0,0,0,0,3,27.4,0,1,0,0
0,0,0,0,0,0,0,4,105.3,0,0,0,0
0,0,0,0,0,0,0,0,0,11,0,0,0
0,0,0,0,0,0,0,3,23,0,0,0,0
0,0,0,1,0,0,0,0,0,7,0,0,0
2,2,0,0,0,0,0,0,0,4,0,1,0
0,0,0,1,0,0,0,3,35.5,0,0,0,1
1,1,1,0.5,0,0,0,0,0,3,0,0,0
0,0,0,0.33,0,0,0,3,26.8,0,0,0,0
0,0,0,0.33,0,0,0,4,74.1,0,1,0,1
0,0,0,0.33,0,0,0,4,35,0,0,0,1
0,0,0,0,0,0,0,3,79.6,0,0,0,0
0,0,0,1,0,0,0,4,95.8,0,1,0,0
0,0,0,0.5,0,0,0,0,0,9,0,0,1
0,0,0,1,0,0,0,0,0,1,1,0,0
0,0,0,0.67,0,0,0,4,126.8,0,0,0,0
0,0,0,0.5,0,0,0,0,0,6,0,0,0
1,0,1,0,0,0,0,1,8.2,1,0,0,0
0,0,0,1,0,0,0,4,22.4,0,0,0,0
0,0,0,0,0,0,0,1,21.3,5,0,0,0
0,0,0,0,0,0,0,3,33.8,3,0,0,0
1,1,0,0,0,0,0,1,1.3,0,0,0,0
0,0,0,1,0,0,0,3,32.4,2,0,0,0
0,0,0,0.5,0,0,0,3,116.2,0,0,0,0
0,0,0,1,0,0,0,2,32.7,4,0,0,0
0,0,0,0,0,0,0,1,2.4,0,0,0,0
0,0,0,0,0,0,0,3,3.5,0,1,0,1
0,0,0,0.5,0,0,0,4,74,0,1,0,1
1,1,0,0.67,0,0,2,1,0.2,0,1,0,1
0,0,0,0,0,0,0,0,0,20,1,0,0
0,0,0,1,0,0,0,2,42.3,0,0,0,0
0,0,0,0,0,0,0,4,38.2,0,0,0,0
0,0,0,0,0,0,0,3,71.8,0,0,0,0
0,0,0,0,0,0,0,0,0,2,0,0,0
1,1,0,0,0,0,0,3,128.4,1,0,0,0
1,0,0,0,0,0,0,4,115.8,0,0,0,0
0,0,0,0.5,0,0,0,0,0,5,0,0,0
0,0,0,1,0,0,0,2,44.2,0,0,0,0
0,0,0,1,0,0,0,4,53.5,0,0,1,0
0,0,0,1,0,0,0,0,0,6,0,0,0
0,0,0,1,0,0,0,1,2.8,11,0,0,0
1,0,0,0.5,0,0,0,2,2.7,3,1,0,0
0,0,0,1,0,0,0,3,30.7,2,0,1,1
0,0,0,0.5,0,0,0,4,74.1,0,0,0,1
0,0,0,0,0,0,0,4,44.9,0,0,0,0
0,0,0,0,0,0,0,2,20.6,0,0,0,0
2,1,0,0,0,0,0,2,41.3,0,0,0,0
0,0,0,0.33,0,0,0,4,43.1,0,0,1,1
0,0,0,1,0,0,0,4,104.1,0,0,0,0
0,0,0,1,0,0,0,4,141.9,0,0,0,1
0,0,0,0.5,0,0,0,3,20.9,5,0,0,0
1,1,0,1,0,0,0,4,78.3,0,0,0,1
0,0,0,0.33,0,0,0,0,0,1,0,0,1
0,0,0,0.5,0,0,0,0,0,6,0,0,0
0,0,0,0,0,0,0,3,44.7,0,0,0,0
0,0,0,0,0,0,0,3,13.8,0,0,0,1
0,0,0,0,0,0,0,4,88.8,0,0,1,1
7,1,0,1,0,0,0,0,0,1,0,1,0
1,1,0,0,0,0,0,0,0,4,1,0,1
0,0,0,1,0,0,0,2,22.8,0,0,0,0
0,0,0,1,0,0,0,0,0,3,0,0,0
0,0,0,0,0,0,0,0,0,10,0,1,0
0,0,0,0,0,0,0,3,36.7,0,0,0,0
0,0,0,0,0,0,0,4,256.2,0,0,0,0
0,0,0,0,0,0,0,4,90.2,0,0,0,0
0,0,0,0,0,0,0,0,0,10,0,0,1
0,0,0,1,0,0,0,3,30.3,1,0,0,0
0,0,0,0.5,0,0,0,4,154.2,0,0,0,0
0,0,0,0,0,0,0,2,28.7,0,0,0,1
0,0,0,1,0,0,0,0,0,1,0,0,1
0,0,0,1,0,0,0,1,0.3,2,0,0,1
0,0,0,0,0,0,0,1,0.7,7,0,1,0
0,0,0,1,0,0,0,0,0,3,0,0,0
0,0,0,0,0,0,0,4,97.3,0,0,0,0
0,0,0,0,0,0,0,0,0,3,0,0,0
0,0,0,0,0,0,0,0,0,2,0,0,0
0,0,0,0,0,0,0,4,47.7,0,0,0,0
0,0,0,1,0,0,0,1,5.6,5,1,0,0
4,1,1,0.67,0,0,0,4,70.2,0,0,1,0
0,0,0,0,0,0,0,0,0,8,0,0,1
0,0,0,0,0,0,0,4,159.4,0,1,0,0
0,0,0,1,0,0,0,4,60.6,0,0,0,0
0,0,0,0.5,0,0,0,4,89.9,0,0,0,0
0,0,0,0,0,0,0,0,0,9,0,0,0
0,0,0,0,0,0,0,0,0,12,0,0,1
0,0,0,0,0,0,0,3,76.6,0,0,0,0
0,0,0,1,0,0,0,4,55.5,0,0,0,0
0,0,0,0,0,0,0,4,85.1,0,0,0,0
0,0,0,0,0,0,0,3,41.7,1,0,0,0
0,0,0,0,0,0,0,0,0,3,0,0,0
0,0,0,0,0,0,0,2,6.7,1,0,1,0
3,3,0,1,0,0,2,2,17.5,0,1,0,0
1,0,0,0,0,0,0,4,121.2,0,0,1,1
0,0,0,0,0,0,0,1,9.5,1,0,0,1
0,0,0,0,0,0,0,4,369.1,0,1,0,0
0,0,0,0,0,0,0,4,131.3,0,0,0,0
0,0,0,0,0,0,0,0,0,1,0,0,0
0,0,0,1,0,0,0,3,19.4,0,0,0,1
0,0,0,1,0,0,0,3,56.5,0,0,0,0
1,0,0,0.25,0,0,0,2,10.7,4,0,1,0
0,0,0,0,0,0,0,2,107,0,0,0,1
0,0,0,1,0,0,0,1,57.9,1,0,0,0
0,0,0,0,0,0,0,3,47.3,0,0,0,0
1,0,1,0.67,0,0,0,1,18.6,18,0,0,0
0,0,0,0.33,0,0,0,0,0,9,0,0,1
1,1,0,0.67,0,0,0,1,1.7,0,0,0,1
0,0,0,1,0,0,0,4,123.8,0,0,0,0
1,1,1,0,0,0,0,1,3.1,8,0,0,0
1,0,0,0,0,0,0,3,57.8,0,1,0,0
1,0,0,0.5,0,0,0,0,0,8,0,0,0
5,3,5,0.75,0,0,0,0,0,3,1,0,1
4,4,1,0.43,0,0,1,0,0,15,0,0,0
0,0,0,0,0,0,0,4,252,0,0,0,1
0,0,0,0,0,0,0,0,0,1,0,0,1
0,0,0,0,0,0,0,0,0,12,0,0,1
0,0,0,0.75,0,0,0,0,0,5,0,0,0
0,0,0,1,0,0,0,3,25.9,1,0,0,0
2,0,0,0.6,0,0,0,3,10.7,0,0,0,0
0,0,0,0,0,0,0,0,0,20,0,1,0
0,0,0,0,0,0,0,0,0,7,0,0,0
0,0,0,0,0,0,0,0,0,13,0,0,0
0,0,0,0.5,0,0,0,2,12.1,0,1,0,1
0,0,0,1,0,0,0,4,165.9,0,0,0,1
0,0,0,1,2.6,2.6,0,2,3.7,4.5,0,0,0
0,0,0,0,0,0,0,4,190.1,0,0,0,0
2,1,2,1,0,0,0,0,0,5,0,0,0
0,0,0,0,0,0,0,4,166.1,0,0,0,1
0,0,0,0,0,0,0,3,120.5,1,0,1,0
0,0,0,0,0,0,0,0,0,1,0,0,0
0,0,0,0,0,0,0,0,0,5,0,0,0
0,0,0,0,0,0,0,0,0,3,0,0,0
0,0,0,0,0,0,0,0,0,7,0,0,0
0,0,0,0,0,0,0,4,33.1,0,0,0,0
1,0,0,0,0,0,0,2,37.5,1,0,1,0
0,0,0,1,0,0,0,2,15.1,0,0,0,0
0,0,0,0,0,0,0,1,3.2,4,0,1,0
0,0,0,0.33,0,0,0,4,219.9,0,0,0,0
0,0,0,1,0,0,0,0,0,15,0,0,0
0,0,0,0,0,0,0,4,89.1,0,1,0,1
0,0,0,1,0,0,0,2,18.7,1,0,0,0
1,1,0,0.5,0,0,0,0,0,2,0,0,1
0,0,0,0.5,0,0,0,0,0,6,0,1,0
0,0,0,0.5,0,0,0,1,3.6,5,0,1,0
2,1,1,0,0,0,0,0,0,25,0,0,0
0,0,0,0,0,0,0,4,35.8,0,0,0,0
0,0,0,0,0,0,0,1,1,0,0,0,0
0,0,0,1,0,0,12,0,0,0,0,1,0
1,0,0,0,0,0,0,3,15.3,1,0,1,0
0,0,0,0.67,0,0,0,4,94.4,0,0,1,0
0,0,0,0,0,0,0,4,138,0,0,0,0
1,0,1,0.75,0,0,0,3,28.3,2,0,0,0
0,0,0,0,0,0,0,2,24.1,0,0,0,1
0,0,0,1,0,0,10,0.6,2.7,0,0,0,0
1,0,0,1,0,0,0,4,210.9,0,0,0,1
0,0,0,0,0,0,0,3,73.9,2,0,0,0
0,0,0,0,0,0,0,4,113.3,0,1,0,0
0,0,0,0,0,0,0,2,16.8,2,0,0,0
0,0,0,0,0,0,0,4,170,0,0,0,0
1,0,0,0,12.5,12.5,0,3,35.2,0,0,1,1
0,0,0,1,0,0,0,4,98.2,0,1,0,0
0,0,0,0,0,0,0,0,0,9,0,1,1
0,0,0,1,0,0,0,0,0,9,1,0,1
0,0,0,1,0,0,0,3,11.2,0,0,0,1
0,0,0,0,0,0,0,4,130.6,0,0,0,1
1,1,0,0.33,0,0,4,1.6,1,0,0,0,1
3,3,1,0.33,0,0,0,1,0.8,1,1,0,0
0,0,0,0,0,0,0,3,31.1,1,0,0,0
0,0,0,1,0,0,0,4,58.5,0,0,0,0
0,0,0,0,0,0,0,0,0,6,1,0,1
0,0,0,0,0,0,0,0,0,6,0,1,0
0,0,0,0,0,0,0,0,0,5,0,0,1
1,0,0,0,0,0,0,4,191.8,0,0,0,1
1,0,0,0,0,0,0,1,0.3,0,1,0,0
0,0,0,1,0,0,0,4,431.7,0,0,0,1
0,0,0,0.5,0,0,0,3,31,0,0,1,0
0,0,0,0,0,0,0,0,0,6,0,0,1
0,0,0,0.33,0,0,0,4,114.8,0,1,0,0
0,0,0,0,0,0,0,4,174.3,0,0,1,0
0,0,0,0.67,0,0,0,4,90.1,0,0,1,1
0,0,0,1,0,0,0,4,95.7,0,0,0,0
0,0,0,0.5,0,0,0,4,64.6,0,0,0,0
2,0,2,0,0,0,0,4,94.4,0,1,0,0
0,0,0,0,0,0,0,3,52.3,1,0,1,0
0,0,0,0,0,0,0,4,128.8,0,0,0,1
0,0,0,0,0,0,0,2,22.7,0,0,0,0
0,0,0,0,0,0,0,2,11.4,2,0,0,0
0,0,0,0,0,0,0,0,0,1,0,0,0
0,0,0,0,0,0,0,0,0,11,0,1,1
0,0,0,1,0,0,12,0,0,0,0,0,0
0,0,0,1,0,0,0,4,76.3,0,0,0,1
0,0,0,0,0,0,0,4,65.8,0,1,0,1
0,0,0,0,0,0,0,4,212.9,0,1,0,1
0,0,0,1,0,0,0,3,22.1,0,0,1,0
1,0,0,0,0,0,0,0,0,22,1,0,0
0,0,0,0,0,0,0,3,126.4,0,0,0,0
2,1,0,0,0,0,0,3,75.8,0,1,0,0
0,0,0,0,0,0,0,4,94.6,0,1,0,0
1,1,1,0.5,0,0,0,1,6.3,7,0,0,0
2,2,0,0,0,0,0,0,0,3,0,1,0
1,0,0,0,0,0,0,4,119.3,0,0,1,0
0,0,0,0,0,0,0,1,19.6,0,0,0,0
2,1,1,0.5,0,0,1,0,0,6,0,1,0
0,0,0,0,0,0,0,0,0,3,0,0,0
0,0,0,0,0,0,0,4,58.3,0,0,0,0
0,0,0,1,0,0,0,4,161.6,0,0,1,0
0,0,0,1,0,0,0,1,14.3,0,0,0,0
1,1,0,0.5,0,0,0,2,11.2,0,0,0,0
1,1,0,0.38,0,0,0,0,0,21,0,0,0
0,0,0,0,0,0,0,4,168.5,0,0,0,1
0,0,0,0,0,0,0,4,171.7,0,0,1,1
0,0,0,0,0,0,0,0,0,19,0,0,0
0,0,0,0,0,0,0,2,49.4,0,0,0,0
0,0,0,0,0,0,0,2,8.6,0,1,0,1
0,0,0,0,0,0,0,4,109.8,0,0,0,1
0,0,0,0.5,0,0,0,4,43.8,0,0,0,1
3,1,1,0.5,0,0,0,0,0,6,0,1,1
0,0,0,0,0,0,0,0,0,4,0,0,0
0,0,0,1,0,0,0,4,198.7,0,0,0,0
0,0,0,1,0,0,0,3,61.3,0,0,0,1
0,0,0,0,0,0,0,4,268.7,0,0,0,0
0,0,0,0,0,0,0,4,50.5,0,0,0,0
0,0,0,0,0,0,0,4,52,0,0,0,1
0,0,0,0,0,0,0,4,29.5,0,0,1,0
1,1,0,0,0,0,0,2,37.2,1,0,0,0
1,1,0,0.33,0,0,0,1,1.4,3,0,0,1
0,0,0,1,0,0,0,4,47.3,0,0,0,1
0,0,0,0,0,0,0,2,8.7,6,0,0,1
0,0,0,1,0,0,0,4,102.3,0,0,0,1
0,0,0,1,0,0,0,4,152,0,0,0,0
0,0,0,0,0,0,0,3,70.7,0,0,0,0
0,0,0,0,0,0,0,0,0,25,1,0,0
0,0,0,0,0,0,0,0,0,6,0,0,1
0,0,0,0.5,0,0,0,3,86.4,1,1,0,0
0,0,0,0,0,0,0,3,39.4,25,0,0,0
0,0,0,0,0,0,0,4,146.9,0,0,0,0
0,0,0,1,0,0,0,4,52.1,0,0,0,0
0,0,0,0,0,0,0,3,113.2,0,0,0,0
1,0,0,0,0,0,0,3,13.5,1,1,0,0
0,0,0,0,0,0,0,4,150.7,0,0,0,0
0,0,0,1,0,0,0,2,20.6,0,0,0,0
1,1,1,0,0,0,0,3,29.7,0,1,0,0
0,0,0,0,0,0,0,3,59.9,0,1,0,0
0,0,0,1,0,0,0,0,0,5,0,0,0
0,0,0,1,0,0,0,4,95.5,0,0,1,0
1,0,0,1,0,0,0,4,127.6,0,1,0,0
1,0,0,0,0,0,0,2,9.6,0,0,0,1
0,0,0,0,0,0,0,0,0,1,1,0,0
0,0,0,1,0,0,0,0,0,1,0,0,0
0,0,0,0,0,0,0,0,0,1,0,0,0
0,0,0,1,0,0,0,2,42.5,13,0,0,0
0,0,0,1,0,0,0,4,139.7,0,0,0,0
0,0,0,0.5,0,0,0,0,0,5,1,0,0
0,0,0,0,0,0,0,1,1,10,0,0,0
0,0,0,0,0,0,0,4,64.7,0,0,0,0
0,0,0,0,0,0,0,4,92.5,0,0,0,0
2,1,0,1,0,0,0,0,0,12,0,0,0
0,0,0,0,0,0,0,4,31,0,0,0,0
0,0,0,0,0,0,0,4,50,0,0,1,0
1,1,0,0,0,0,0,3,59,0,0,0,0
0,0,0,0,0,0,0,2,19.3,0,0,0,0
0,0,0,0,0,0,0,4,135.6,0,1,0,0
0,0,0,0,0,0,0,0,0,13,0,0,0
0,0,0,0,0,0,0,4,114.7,0,1,0,1
0,0,0,1,0,0,0,0,0,5,0,0,0
0,0,0,0,0,0,0,3,31.7,0,0,1,1
0,0,0,0,0,0,0,0,0,2,0,0,1
0,0,0,0,0,0,0,0,0,7,0,1,0
1,1,0,0,0,0,0,4,16.8,0,1,0,0
0,0,0,0,0,0,0,4,137.8,0,0,0,1
0,0,0,0,0,0,0,0,0,3,1,0,0
0,0,0,1,0,0,0,3,25.8,5,0,0,1
1,1,0,1,0,0,0,3,76.1,5,0,0,0
0,0,0,0,0,0,0,0,0,3,0,1,0
0,0,0,1,0,0,0,4,123.9,0,0,1,0
0,0,0,0,0,0,0,4,121.1,0,0,0,0
6,0,0,0,0,0,0,2,10.5,1,1,0,0
0,0,0,0,0,0,0,3,45.4,0,0,1,0
0,0,0,1,0,0,0,0,0,3,0,1,1
0,0,0,1,0,0,0,3,54,0,0,0,0
0,0,0,1,0,0,0,4,118.9,0,0,1,0
0,0,0,0,0,0,0,2,83.7,6,0,1,0
0,0,0,1,0,0,0,3,63.6,0,0,0,0
0,0,0,0,0,0,0,0,0,7,0,1,0
0,0,0,0,0,0,0,4,55,0,0,0,1
0,0,0,0,0,0,0,0,0,7,0,0,0
0,0,0,0.6,0,0,0,0,0,13,0,0,0
0,0,0,0,0,0,0,0,0,5,1,0,1
0,0,0,1,0,0,0,4,67.4,0,0,1,0
1,1,0,0,0,0,0,3,34.3,0,0,0,0
0,0,0,1,0,0,0,4,145.6,0,0,0,1
0,0,0,0,0,0,0,4,21.8,0,0,0,1
1,0,0,0,0,0,0,4,170,0,0,0,0
0,0,0,1,0,0,0,3,41.3,0,0,1,0
0,0,0,0,0,0,0,4,94,0,1,0,1
1,1,0,0.5,0,0,0,4,98.5,0,0,0,0
0,0,0,1,0,0,0,2,25.1,0,0,0,0
1,1,1,0.17,0,0,0,3,33.5,1,0,0,0
0,0,0,0,0,0,0,4,110,0,0,0,0
0,0,0,1,0,0,0,4,57.8,0,0,0,0
0,0,0,1,0,0,0,3,5.9,0,0,0,1
0,0,0,0,0,0,0,0,0,17,0,1,1
0,0,0,0.5,0,0,0,4,155.4,0,0,0,1
0,0,0,1,0,0,0,2,92.2,4,0,0,0
0,0,0,0,0,0,0,4,67.9,0,0,0,1
1,1,0,0,0,0,0,4,85.8,0,0,0,1
0,0,0,0.67,0,0,0,3,109.6,0,0,0,1
0,0,0,0,0,0,0,2,8.3,1,0,0,0
0,0,0,0,0,0,0,4,96.2,0,0,0,1
0,0,0,0.6,0,0,0,0,0,5,1,0,1
0,0,0,0.5,0,0,0,1,36.4,0,0,0,0
0,0,0,0,0,0,0,4,146.6,0,0,0,0
3,1,0,1,0,0,0,3,17,1,0,1,0
0,0,0,0,0,0,0,1,18.9,0,1,0,1
0,0,0,1,0,0,0,4,83.9,0,0,0,0
0,0,0,0,0,0,0,4,179.4,0,0,0,0
0,0,0,0,0,0,0,4,20.7,0,0,0,1
0,0,0,1,0,0,0,4,94.7,0,0,1,0
0,0,0,0,0,0,0,4,153.3,0,0,0,0
0,0,0,0.5,0,0,12,0,0,0,0,0,0
1,1,0,1,0,0,0,2,19.1,0,0,1,0
0,0,0,0,0,0,0,1,2.2,4,0,0,0
0,0,0,1,0,0,0,3,18.1,0,1,0,0
0,0,0,1,0,0,0,4,92,0,0,0,0
0,0,0,0,0,0,0,4,115.1,0,0,0,0
0,0,0,1,0,0,0,4,121,0,0,1,1
0,0,0,0,0,0,0,0,0,1,0,1,0
0,0,0,0,0,0,0,4,167.3,0,0,0,0
0,0,0,0,0,0,0,1,4.1,1,0,1,1
0,0,0,0,0,0,0,3,6.5,0,1,0,0
0,0,0,1,0,0,0,0,0,4,0,0,0
0,0,0,1,0,0,0,0,0,5,0,1,0
0,0,0,0,0,0,0,4,105.2,0,0,1,0
0,0,0,0.5,0,0,0,0,0,7,0,0,0
0,0,0,1,0,0,0,3,103.8,0,0,1,0
0,0,0,0,0,0,0,4,54.9,0,0,1,0
0,0,0,0,0,0,0,4,63.2,0,0,0,0
1,1,1,0.33,0,0,0,2,10.5,1,1,0,1
0,0,0,0.33,0,0,0,2,6.4,0,0,1,0
0,0,0,1,0,0,0,4,53.9,0,0,0,0
0,0,0,0,0,0,0,4,164.9,0,0,0,0
0,0,0,0,0,0,0,2,1.2,1,0,1,0
0,0,0,0,0,0,0,4,124.4,0,0,0,1
0,0,0,0.25,0,0,12,0,0,0,0,1,1
0,0,0,1,0,0,0,4,163.2,0,0,0,0
0,0,0,0,0,0,0,4,36.2,0,0,0,0
0,0,0,0.33,0,0,0,3,64.6,0,0,0,0
1,1,1,0,0,0,0,0,0,10,0,0,1
0,0,0,1,0,0,0,0,0,5,0,0,1
0,0,0,0,0,0,0,1,1.9,3,1,0,1
0,0,0,0,0,0,0,4,173.7,0,0,0,0
1,0,1,0.5,0,0,0,4,60.6,0,0,0,0
0,0,0,0,0,0,0,4,150.5,0,0,1,0
0,0,0,1,0,0,0,4,190.7,0,0,0,0
3,1,3,0.5,0,0,0,4,33,0,0,0,0
2,1,1,0.5,0,0,0,0,0,1,0,0,1
0,0,0,0.5,0,0,0,4,103.7,0,0,0,0
0,0,0,0,0,0,0,4,74.7,0,0,1,0
0,0,0,0.5,0,0,0,0,0,3,0,0,1
0,0,0,0,0,0,0,4,43.8,0,0,0,0
0,0,0,0,0,0,0,0,0,5,0,0,0
0,0,0,0.44,0,0,10,0,0,5,1,0,0
0,0,0,0,0,0,0,4,83.4,0,0,1,1
0,0,0,0,0,0,0,4,130.6,0,0,0,1
2,0,0,0,0,0,0,3,55.8,0,1,0,0
0,0,0,1,0,0,0,4,123.8,0,0,0,1
0,0,0,0,0,0,0,0,0,4,0,0,1
0,0,0,0,0,0,0,1,19.8,4,1,0,0
1,1,0,0,0,0,0,4,88.6,0,0,0,0
0,0,0,1,0,0,0,4,75.4,0,0,0,1
0,0,0,0,0,0,0,2,15.2,1,0,1,1
0,0,0,0.5,0,0,0,0,0,4,0,1,1
1,1,0,0,0,0,0,1,20.3,5,0,0,0
1,0,0,0,0,0,0,4,136.3,0,0,0,0
0,0,0,0,0,0,0,3,15.5,25,0,0,1
0,0,0,1,0,0,0,0,0,2,0,0,0
0,0,0,0,0,0,0,4,135.4,0,0,0,1
0,0,0,0.5,0,0,0,3,57.6,1,0,0,1
0,0,0,0,0,0,0,4,204.7,0,0,1,1
0,0,0,0,0,0,0,4,81.4,0,0,0,0
0,0,0,0,0,0,0,4,70.6,0,0,1,0
0,0,0,0,0,0,0,0,0,1,1,0,1
0,0,0,0,0,0,0,4,138.1,0,0,0,0
0,0,0,1,0,0,0,3,30.8,6,0,0,1
0,0,0,0,0,0,0,2,25.2,2,0,0,0
0,0,0,0,0,0,0,3,112.4,1,0,0,0
1,1,0,0,0,0,0,3,28.2,0,0,0,0
1,0,0,0,0,0,0,3,27.4,0,0,0,1
0,0,0,0,0,0,0,3,51.2,0,0,0,0
0,0,0,0,0,0,0,4,120.4,0,0,1,0
0,0,0,1,0,0,12,0,0,0,0,0,0
0,0,0,0.5,0,0,0,0,0,1,1,0,0
0,0,0,0,0,0,0,0,0,18,0,1,0
0,0,0,1,0,0,0,4,86.4,0,0,0,0
0,0,0,0,0,0,0,3,25.9,0,0,0,0
0,0,0,0,0,0,0,1,0.8,4,0,0,0
5,4,3,0.33,0,0,0,2,1.5,0,0,0,1
0,0,0,0,0,0,0,2,16.9,1,1,0,0
0,0,0,1,0,0,0,2,12.1,1,0,0,0
0,0,0,1,0,0,0,0,0,2,0,0,0
0,0,0,0,0,0,0,3,13.2,0,1,0,0
0,0,0,0,0,0,0,3,9.1,0,1,0,0
0,0,0,0,0,0,0,0,0,2,0,0,1
0,0,0,0,0,0,0,0,0,4,1,0,0
0,0,0,1,0,0,0,4,163.8,0,1,0,1
0,0,0,0,0,0,0,3,93.2,0,0,0,0
0,0,0,1,0,0,0,3,92.7,0,0,0,0
0,0,0,0,0,0,0,0,0,1,0,1,1
0,0,0,0,0,0,0,4,57.9,0,0,0,1
1,1,0,0,0,0,0,1,13.4,0,1,0,0
0,0,0,0,0,0,0,0,0,14,0,0,1
0,0,0,0,0,0,0,0,0,2,1,0,0
0,0,0,1,0,0,0,3,82.5,2,0,0,1
0,0,0,0,0,0,0,0,0,5,1,0,0
0,0,0,1,0,0,0,4,186.3,0,0,0,1
1,0,1,0,0,0,0,3,28.4,0,1,0,1
0,0,0,1,0,0,0,3,188.5,0,0,0,0
0,0,0,0,0,0,0,4,164.8,0,0,0,1
0,0,0,1,0,0,0,4,151,0,0,1,0
0,0,0,0,0,0,0,0,0,1,0,0,0
0,0,0,1,0,0,0,4,118.7,0,0,0,0
0,0,0,0,0,0,0,0,0,1,0,1,0
0,0,0,0.33,0,0,12,0,0,0,0,0,0
0,0,0,1,0,0,0,3,84.1,0,0,0,1
0,0,0,0.5,0,0,0,2,3.7,2,0,0,1
0,0,0,0,0,0,0,2,4.4,0,0,1,0
1,0,0,0.5,0,0,0,3,21.5,0,0,1,0
0,0,0,0,0,0,0,2,16.2,0,0,0,0
0,0,0,0.5,0,0,0,4,142,0,0,1,1
0,0,0,1,0,0,0,2,30.9,6,0,0,0
0,0,0,0.5,0,0,0,3,12.3,0,0,0,0
1,1,0,1,0,0,0,4,107.5,0,0,0,1
0,0,0,0,0,0,0,4,181.4,0,0,0,0
1,1,0,0,0,0,0,4,164.7,0,0,1,0
1,1,1,1,0,0,0,1,1.6,5,0,1,0
0,0,0,0,0,0,0,3,37.6,6,0,1,0
0,0,0,0,0,0,0,3,90.4,0,0,0,0
0,0,0,1,0,0,0,0,0,2,1,0,0
0,0,0,0,0,0,0,4,121.8,0,0,0,1
0,0,0,0,0,0,0,1,1.7,2,0,0,0
0,0,0,1,0,0,0,3,14.6,0,0,0,0
0,0,0,0,0,0,0,1,4.8,4,0,0,1
0,0,0,0,0,0,0,0,0,3,0,0,1
0,0,0,1,0,0,0,4,75.9,0,0,0,0
0,0,0,0,0,0,0,0,0,1,0,0,0
0,0,0,1,0,0,12,0,0,0,1,0,1
0,0,0,1,0,0,0,3,51.3,1,0,0,0
0,0,0,1,0,0,0,4,56.3,0,0,0,0
0,0,0,1,0,0,0,3,12.8,4,1,0,0
0,0,0,1,0,0,0,0,0,2,0,0,0
0,0,0,0,0,0,0,1,4.2,0,0,0,0
0,0,0,1,0,0,0,3,81.4,0,0,0,0
0,0,0,1,0,0,0,3,47.5,0,0,1,1
0,0,0,1,0,0,0,4,95.7,0,0,0,1
0,0,0,0,0,0,0,0,0,1,1,0,1
0,0,0,0,0,0,0,3,81.9,0,0,0,1
0,0,0,0,0,0,0,4,72.6,0,0,0,1
0,0,0,0,0,0,0,3,43.6,0,0,0,0
0,0,0,0,0,0,0,4,83.2,0,0,0,0
0,0,0,0,0,0,0,3,58.7,0,0,0,1
0,0,0,0,0,0,0,4,91.8,0,0,0,1
0,0,0,0.5,0,0,0,1,1,0,0,0,1
0,0,0,1,0,0,0,4,73.7,0,0,1,0
0,0,0,0,0,0,0,1,2.6,2,0,0,0
0,0,0,1,0,0,0,0,0,2,0,0,0
3,2,0,0,0,0,0,2,16.4,0,0,0,0
0,0,0,0,0,0,0,4,38.5,0,1,0,0
0,0,0,1,0,0,0,4,64.9,0,0,0,0
1,1,0,1,0,0,0,4,26.1,0,0,0,0
0,0,0,1,0,0,0,0,0,1,1,0,0
0,0,0,1,0,0,0,0,0,6,0,0,0
0,0,0,1,0,0,0,0,0,8,0,0,0
0,0,0,1,0,0,0,4,171.6,0,0,1,1
0,0,0,0,0,0,0,3,21.7,0,0,0,0
0,0,0,0,0,0,0,0,0,3,0,0,0
0,0,0,0,0,0,0,0,0,1,0,0,0
0,0,0,0,0,0,0,2,5.6,0,1,0,0
0,0,0,0,0,0,0,0,0,2,1,0,0
0,0,0,0,0,0,0,4,48.9,0,0,0,0
0,0,0,0,0,0,0,0,0,2,0,0,1
0,0,0,0,0,0,0,4,65.8,0,0,0,1
0,0,0,1,0,0,0,3,31.9,0,0,0,0
0,0,0,0,0,0,0,4,122.3,0,0,1,0
0,0,0,0,0,0,0,3,9.2,1,0,0,0
0,0,0,0,0,0,0,2,50.1,1,1,0,1
0,0,0,0,0,0,0,3,70,0,0,0,0
0,0,0,0.5,0,0,0,1,7.1,1,0,0,0
0,0,0,1,0,0,0,4,99.9,0,1,0,0
2,1,0,0.5,0,0,0,0,0,3,0,0,0
0,0,0,1,0,0,0,2,12.8,0,0,0,0
1,0,1,0.67,0,0,0,2,11.1,0,0,0,1
1,1,0,0,0,0,0,1,11.7,8,0,0,0
0,0,0,0,0,0,0,4,333.8,0,0,0,0
0,0,0,1,0,0,0,0,0,6,0,0,0
0,0,0,0,0,0,0,4,41.7,0,0,0,0
0,0,0,0,0,0,0,2,87.7,8,0,0,1
1,0,1,1,0,0,0,4,38.7,0,0,0,1
0,0,0,1,0,0,0,4,40.8,0,0,0,1
0,0,0,1,0,0,0,1,1.7,0,0,1,0
0,0,0,0,0,0,0,4,94.7,0,0,1,0
0,0,0,0,0,0,0,2,4,0,1,0,0
0,0,0,1,0,0,0,0,0,1,0,0,0
0,0,0,0,0,0,0,4,82.9,0,0,1,0
0,0,0,0,0,0,0,3,68.5,0,0,0,0
0,0,0,0,0,0,0,4,52.7,0,0,0,0
0,0,0,0,0,0,0,1,8.2,25,0,0,0
0,0,0,0,0,0,0,3,54,0,0,0,0
0,0,0,0,0,0,0,3,27.6,0,0,1,0
0,0,0,0,0,0,0,0,0,2,0,0,0
0,0,0,0,0,0,0,4,201.3,0,0,0,1
0,0,0,1,0,0,0,0,0,1,0,0,0
1,0,0,0.5,0,0,0,2,11.8,0,1,0,1
0,0,0,0,0,0,0,1,5.3,0,0,0,1
0,0,0,0,0,0,0,4,42.3,0,0,0,0
0,0,0,0,0,0,0,3,17.8,0,0,0,0
0,0,0,0,0,0,0,3,91.2,1,0,1,0
0,0,0,0,0,0,0,4,162,0,0,0,0
0,0,0,1,0,0,0,3,102.3,1,0,1,0
0,0,0,1,0,0,0,1,7.5,2,0,0,1
0,0,0,0,0,0,0,4,112.5,0,0,0,0
0,0,0,0,0,0,0,1,4.7,0,1,0,0
0,0,0,0,0,0,0,3,31.2,4,0,0,0
0,0,0,0,0,0,0,0,0,1,1,0,0
0,0,0,1,0,0,0,4,32,0,1,0,0
0,0,0,0,0,0,0,4,74.5,0,0,1,0
0,0,0,0.5,0,0,12,0,0,0,0,1,0
0,0,0,1,0,0,0,0,0,8,1,0,1
0,0,0,1,0,0,0,3,11.2,1,0,0,1
4,3,0,0.5,0,0,0,0,0,1,1,0,0
0,0,0,0,0,0,0,3,55.4,0,0,0,0
0,0,0,0,0,0,0,4,99.7,0,0,0,0
1,1,0,0,0,0,0,3,2.9,0,1,0,0
0,0,0,0,0,0,0,4,116,0,0,0,0
0,0,0,1,0,0,0,4,105.4,0,1,0,0
0,0,0,0,0,0,0,0,0,7,0,0,1
0,0,0,0,0,0,0,4,99.9,0,0,1,1
0,0,0,1,0,0,0,4,74.7,0,0,0,0
1,0,0,0,0,0,0,3,41,0,1,0,0
1,1,1,1,0,0,0,0,0,1,0,0,0
1,1,1,0,0,0,0,1,4,2,1,0,0
0,0,0,0,0,0,0,4,149.7,0,0,0,1
0,0,0,1,0,0,0,0,0,11,0,0,0
0,0,0,1,0,0,0,3,30.8,0,0,0,0
1,0,0,1,0,0,0,1,0.2,6,0,0,1
1,0,0,0,0,0,0,2,62.4,0,0,0,0
1,0,1,0,0,0,0,4,37.3,0,0,0,1
0,0,0,0,0,0,0,3,19.8,9,0,1,0
1,0,0,0,0,0,0,2,3,0,1,0,0
0,0,0,1,0,0,0,4,75.1,0,0,1,0
0,0,0,0,0,0,0,0,0,5,0,0,0
0,0,0,1,0,0,0,0,0,1,0,0,0
0,0,0,0,0,0,0,4,76.6,0,0,0,1
0,0,0,0,0,0,0,4,21.8,0,0,0,0
0,0,0,0,0,0,0,0,0,2,0,1,1
0,0,0,0,0,0,0,4,124.8,0,0,0,0
1,1,1,0,0,0,0,1,9.2,1,0,0,1
0,0,0,0,0,0,0,2,18.5,0,0,1,0
0,0,0,0,0,0,0,4,54.2,0,0,1,0
0,0,0,0,0,0,0,1,9.1,5,1,0,0
0,0,0,0.5,0,0,0,2,11.7,25,0,0,0
0,0,0,1,0,0,0,3,20.5,1,0,1,0
0,0,0,0,0,0,0,3,32.8,0,0,0,1
1,1,0,0,0,0,0,4,49.8,0,0,0,0
0,0,0,0,0,0,0,0,0,2,0,0,1
0,0,0,0,0,0,0,0,0,3,0,0,0
0,0,0,1,0,0,0,3,14.1,0,0,1,0
0,0,0,0.5,0,0,0,0,0,2,1,0,0
0,0,0,0,0,0,0,3,65.5,0,0,1,0
1,0,0,1,0,0,0,4,58.1,0,0,1,0
0,0,0,0,0,0,0,3,67.2,0,1,0,1
0,0,0,0,0,0,0,2,49.8,0,0,0,0
0,0,0,0,0,0,0,1,19.6,0,0,0,1
0,0,0,1,0,0,0,0,0,6,0,0,0
0,0,0,1,0,0,0,3,99.7,3,0,0,1
0,0,0,0,0,0,0,4,127.5,0,0,0,0
0,0,0,0,0,0,0,4,77.1,0,0,0,1
1,0,0,0,0,0,0,3,33,1,0,0,0
0,0,0,1,0,0,0,1,1.3,0,1,0,0
0,0,0,1,0,0,0,3,54.8,0,0,0,0
2,2,0,0,0,0,2,0,0,5,0,0,0
0,0,0,0,0,0,0,4,146.5,0,0,0,0
1,1,0,0,0,0,0,0,0,3,1,0,0
0,0,0,0,0,0,0,0,0,15,1,0,0
3,2,2,1,0,0,1,0,0,2,0,0,0
0,0,0,0,0,0,0,0,0,2,0,0,0
0,0,0,1,0,0,0,0,0,9,0,0,0
2,1,0,0,0,0,0,0,0,1,0,0,1
1,0,1,1,0,0,0,3,26.6,0,0,1,0
0,0,0,0,0,0,0,1,5.7,3,0,0,0
0,0,0,1,0,0,0,4,134.6,0,1,0,0
0,0,0,1,0,0,0,4,66.8,0,0,1,1
3,3,2,1,0,0,0,4,31.5,0,0,1,0
1,0,0,0,0,0,0,4,135.6,0,0,0,0
1,1,0,0,0,0,0,4,83.3,0,0,0,0
0,0,0,1,0,0,0,0,0,1,0,0,0
1,1,0,0,0,0,0,4,45.5,0,0,0,0
0,0,0,1,0,0,0,4,118.7,0,0,1,1
1,0,1,0,0,0,0,4,23.7,0,0,0,0
1,0,1,0,0,0,0,2,34.5,0,0,0,1
1,1,1,0,0,0,0,3,23.7,7,0,0,0
1,1,0,0,0,0,7,0,0,1,0,1,0
1,1,0,0,0,0,0,3,8.4,0,0,1,0
1,1,0,0,0,0,0,3,44.2,4,0,0,0
1,1,0,0,0,0,0,0,0,25,0,0,1
0,0,0,0,0,0,0,4,189.2,0,0,0,0
0,0,0,0,0,0,0,4,61.6,0,0,1,0
0,0,0,0,0,0,0,4,171.3,0,1,0,1
1,0,1,0,0,0,0,4,13.7,0,0,0,1
1,1,1,0,0,0,0,1,13.3,0,1,0,0
0,0,0,0,0,0,0,0,0,12,0,0,1
1,1,0,0,0,0,0,0,0,1,0,0,1
1,1,0,0,0,0,0,4,179.1,0,0,1,1
1,1,0,0,0,0,0,4,124.2,0,0,1,0
1,0,0,0,0,0,0,2,20.2,3,0,1,0
1,0,0,0,0,0,0,2,52.1,0,1,0,1
2,2,0,0,0,0,0,2,7.2,1,1,0,0
1,0,0,0,0,0,0,2,16.9,2,1,0,0
1,0,0,0,0,0,0,0,0,2,0,0,1
1,0,1,0,0,0,0,4,141,0,0,0,1
1,0,0,0,0,0,0,2,1.3,0,0,0,0
1,1,0,0,0,0,0,4,197.4,0,0,0,1
1,1,0,0,0,0,0,2,40.1,2,0,1,1
1,1,1,0,0,0,0,4,39.3,0,0,0,0
1,1,0,0,0,0,0,4,146.2,0,0,1,0
1,1,0,0,0,0,0,1,0.3,0,1,0,0
1,1,0,0,0,0,0,4,85.9,0,0,0,1
1,0,0,0,0,0,0,3,16.5,0,0,0,0
1,1,0,0,0,0,0,4,129.6,0,0,0,1
1,0,0,0,0,0,0,3,18,0,0,0,0
1,1,0,0,0,0,0,1,1.2,3,1,0,0
0,0,0,0,0,0,0,4,133.7,0,0,0,0
2,1,2,0,0,0,0,2,67.6,1,0,0,0
1,1,0,0,0,0,0,2,37.3,0,1,0,1
1,1,0,0,0,0,0,2,9.9,0,0,0,0
1,1,1,0,0,0,0,3,16.8,1,0,0,0
0,0,0,1,0,0,0,2,1.9,7,0,0,0
1,1,0,0,0,0,0,0,0,1,1,0,0
5,4,2,0,0,0,0,1,2.6,2,1,0,0
1,0,0,0,0,0,0,4,178.1,0,0,0,0
2,0,0,0,0,0,0,0,0,6,0,1,1
1,0,0,0,0,0,0,1,37,7,0,1,1
1,1,0,0,0,0,0,4,263.2,0,0,1,0
1,1,1,0,0,0,0,2,85.1,1,0,0,0
1,1,1,0,0,0,0,4,200.5,0,0,0,1
2,0,0,0,0,0,0,3,27.8,0,1,0,0
2,2,1,0,0,0,0,3,30.1,0,0,0,1
1,1,0,0,0,0,0,1,6.4,0,0,0,0
1,0,0,0,0,0,0,4,184.1,0,0,0,1
1,1,0,0,0,0,0,2,3.7,0,0,0,0
1,0,0,0,0,0,0,4,81.4,0,1,0,0
1,1,1,0,0,0,0,0,0,1,1,0,0
0,0,0,0,0,0,0,4,170.4,0,0,0,1
2,2,0,0,0,0,0,2,35.7,4,1,0,0
0,0,0,1,0,0,0,4,86.2,0,0,0,1
1,0,0,0,0,0,0,4,79.6,0,1,0,0
1,0,0,0,0,0,0,4,108.4,0,0,0,1
4,0,2,0,0,0,0,1,1.7,0,0,0,1
1,1,1,0,0,0,0,4,140.9,0,1,0,1
0,0,0,1,0,0,0,0,0,1,0,0,0
1,1,0,0,0,0,0,3,21.4,2,0,1,0
1,1,0,0,0,0,0,0,0,2,0,0,0
1,1,0,0,0,0,0,4,54.3,0,0,1,1
1,1,1,0,0,0,0,1,2.1,25,1,0,0
3,1,3,0,0,0,0,2,38.6,0,0,0,0
1,1,0,0,0,0,0,4,225,0,0,0,1
1,1,0,0,0,0,0,3,50.7,0,0,1,0
6,3,5,0,0,0,0,0,0,1,0,0,0
1,1,0,0,0,0,0,4,72.8,0,0,0,1
1,1,0,0,0,0,0,4,165.4,0,0,0,0
1,1,0,0,0,0,0,4,110.4,0,0,0,1
1,1,1,0,0,0,0,3,139.3,1,0,0,1
1,0,0,0,0,0,0,4,109.7,0,0,0,0
1,1,1,0,0,0,0,0,0,7,0,0,0
1,1,0,0,0,0,0,1,3.4,3,0,0,1
3,0,0,0,0,0,0,3,4.8,0,0,1,0
1,0,0,0,0,0,0,4,111.4,0,0,1,0
1,1,0,0,0,0,0,3,48.5,1,0,1,0
1,0,0,0,0,0,0,4,92.3,0,0,0,0
1,0,0,0,0,0,0,2,26.7,1,0,0,0
0,0,0,0,0,0,0,1,0.6,3,0,1,0
1,1,1,0,0,0,0,2,21.6,0,0,1,0
1,0,1,0,0,0,0,0,0,25,0,0,1
1,1,0,0,0,0,0,4,77.4,0,1,0,0
1,1,1,0,0,0,0,1,3.6,25,0,0,1
0,0,0,0,0,0,0,2,32.3,1,0,1,0
1,0,0,0,0,0,0,0,0,3,0,0,0
1,1,1,0,0,0,0,4,122.9,0,1,0,1
1,1,0,0,0,0,0,2,12.8,0,0,0,0
1,1,0,0,0,0,0,4,52.6,0,0,0,0
1,0,1,0,0,0,0,4,94,0,0,0,0
1,1,0,0,0,0,0,3,52.4,12,0,0,0
1,1,1,0,0,0,0,4,64.2,0,0,0,1
1,0,0,0,0,0,0,2,23,0,0,0,0
2,2,0,0,0,0,0,2,44.8,0,1,0,1
2,1,1,0,0,0,0,4,15.4,0,1,0,0
1,1,0,0,0,0,0,2,9.2,3,0,0,0
1,1,0,0,0,0,0,0,0,3,0,0,1
1,0,1,0,0,0,0,3,17.6,0,0,0,0
2,0,0,0,0,0,0,1,0.3,2,0,0,0
1,0,0,0,0,0,0,2,43.5,0,0,1,0
1,0,1,0,0,0,0,0,0,2,0,0,1
1,1,0,0,0,0,0,4,57.4,0,1,0,0
1,1,0,0,0,0,0,4,133.5,0,0,0,0
1,0,0,0,0,0,0,4,113.5,0,0,0,0
1,0,0,0,0,0,0,2,24.3,0,0,0,0
1,0,0,0,0,0,0,4,23.7,0,1,0,0
2,0,1,0,0,0,0,0,0,1,0,0,1
1,1,0,0,0,0,0,1,29,1,0,0,0
1,1,0,0,0,0,0,4,60.4,0,0,0,0
1,0,1,0,0,0,0,3,12.6,25,1,0,1
1,1,1,0,0,0,0,2,81.8,0,0,0,0
1,0,0,0,0,0,0,0,0,5,0,0,1
1,1,0,0,0,0,0,1,0.9,3,0,0,0
1,1,0,0,0,0,0,2,10.4,25,1,0,0
1,1,0,0,0,0,0,1,12,1,0,0,0
1,1,0,0,0,0,0,3,28.6,0,0,1,0
1,1,1,0,0,0,0,2,15.6,0,0,0,0
2,1,0,0,0,0,0,2,1.7,0,0,1,1
1,0,0,0,0,0,0,0,0,6,1,0,1
1,0,0,0,0,0,0,0,0,2,0,0,0
1,1,0,0,0,0,0,2,25,1,0,0,0
1,0,0,0,0,0,0,4,25.3,0,0,0,0
1,1,1,0,0,0,0,3,30.8,0,0,1,0
1,1,0,0,0,0,0,4,62.8,0,0,1,0
1,1,0,0,0,0,0,3,42.9,0,0,0,1
1,1,0,0,0,0,0,0,0,4,0,0,1
1,1,1,0,0,0,0,4,57.4,0,0,1,1
1,0,0,0,0,0,0,4,44,0,0,0,0
1,0,0,0,0,0,0,4,66.2,0,0,1,0
1,0,0,0,0,0,0,2,9.6,1,1,0,1
1,0,1,0,0,0,0,0,0,1,1,0,0
1,1,0,0,0,0,0,4,96.8,0,0,0,0
1,1,0,0,0,0,0,4,71.9,0,0,0,1
1,0,0,0,0,0,0,3,37.3,3,0,0,0
1,1,0,0,0,0,0,3,26.5,0,0,1,0
2,0,1,0,0,0,0,4,81.3,0,0,0,0
1,1,0,0,0,0,0,4,61.8,0,0,1,0
1,0,0,0,0,0,0,3,33.3,0,1,0,0
1,1,0,0,0,0,0,1,9.8,25,0,0,0
1,1,0,0,0,0,0,1,3.6,0,0,0,1
1,1,0,0,0,0,0,3,5.5,8,0,1,0
1,1,0,0,0,0,0,4,276.3,0,0,0,1
1,1,0,0,0,0,0,1,8.9,3,0,0,0
1,1,1,0,0,0,0,1,1.8,6,1,0,0
1,1,0,0,0,0,3,0,0,6,0,0,1
1,0,1,0,0,0,0,1,3.3,0,0,0,0
1,0,0,0,0,0,0,4,138.1,0,0,0,0
1,0,0,0,0,0,0,4,26.9,0,0,0,1
1,0,0,0,0,0,0,4,86.4,0,0,0,0
1,0,0,0,0,0,0,4,84.9,0,0,1,0
1,1,0,0,0,0,0,2,4.1,4,0,0,0
1,1,0,0,0,0,0,1,12.7,13,0,1,1
1,0,0,0,0,0,0,1,0.4,25,0,0,0
1,0,0,0,0,0,0,4,104.8,0,0,0,0
1,0,0,0,0,0,0,1,1.7,3,0,0,1
1,0,0,0,0,0,0,4,38.1,0,0,0,0
1,1,0,0,0,0,0,4,70.9,0,0,0,0
1,0,0,0,0,0,0,4,229.8,0,0,0,0
1,0,0,0,0,0,0,4,32.3,0,1,0,0
1,0,1,0,0,0,0,1,6.3,25,0,0,0
1,0,0,0,0,0,0,0,0,9,0,1,0
2,0,0,0,0,0,0,1,0.4,25,0,0,1
2,1,1,0,0,0,0,2,22.9,0,0,1,0
1,1,0,0,0,0,0,4,106.5,0,0,0,0
1,0,1,0,0,0,0,4,63.9,0,0,0,0
1,1,0,0,0,0,0,2,71.7,1,0,1,0
1,1,0,0,0,0,0,4,191.1,0,0,1,0
1,0,0,0,0,0,0,4,96.4,0,1,0,0
1,0,0,0,0,0,0,3,147.8,1,0,0,0
1,0,0,0,0,0,0,0,0,2,0,0,0
1,0,0,0,0,0,0,4,89.9,0,0,0,0
1,1,1,0,0,0,0,4,91.6,0,0,0,1
1,1,0,0,0,0,0,4,74.2,0,0,0,0
1,1,1,0,0,0,0,4,82.9,0,0,0,1
1,0,0,0,0,0,0,4,162,0,0,0,0
1,0,0,0,0,0,0,1,0.4,25,0,0,1
1,0,0,0,0,0,0,4,93.9,0,0,0,0
1,1,0,0,0,0,0,3,55.7,0,0,0,1
1,0,0,0,0,0,0,4,79.1,0,0,0,1
1,1,0,0,0,0,0,1,0.4,8,0,1,0
1,1,0,0,0,0,0,2,8.3,3,0,1,0
1,1,0,0,0,0,0,3,37.7,2,0,0,0
1,1,0,0,0,0,0,4,37.5,0,0,0,0
1,0,0,0,0,0,0,4,151.6,0,0,0,0
2,2,0,0,0,0,0,1,6,25,0,0,0
1,1,0,0,0,0,0,4,57.9,0,0,1,0
1,0,1,0,0,0,0,2,23.5,1,0,0,0
1,1,0,0,0,0,0,0,0,10,1,0,0
1,1,1,0,0,0,0,2,30.8,2,0,1,0
1,1,1,0,0,0,0,0,0,2,1,0,1
1,1,1,0,0,0,0,4,162.9,0,0,0,0
1,1,1,0,0,0,0,1,4,1,1,0,0
1,0,0,0,0,0,0,4,43.4,0,0,0,1
1,0,1,0,0,0,0,2,4.3,2,0,1,1
1,1,1,0,0,0,0,4,48.7,0,0,1,0
1,1,0,0,0,0,0,4,129.2,0,0,0,0
1,0,0,0,0,0,0,4,71.5,0,0,0,0
1,0,0,0,0,0,0,2,7.7,0,0,1,1
1,0,0,0,0,0,0,3,39.8,0,0,0,1
1,0,0,0,0,0,0,0,0,18,0,0,0
1,1,0,0,0,0,0,0,0,9,0,0,0
1,1,1,0,0,0,0,4,73.3,0,0,1,0
0,0,0,0,0,0,0,4,107.5,0,0,0,0
1,1,0,0,0,0,0,3,87.3,0,0,0,0
1,1,0,0,0,0,0,1,10.4,25,0,0,1
1,0,0,0,0,0,0,4,60.8,0,0,0,0
1,1,0,0,0,0,0,4,147.1,0,0,0,0
1,1,0,0,0,0,0,1,21.3,25,0,0,1
1,0,0,0,0,0,0,1,8.3,4,0,1,1
1,0,0,0,0,0,0,4,25,0,0,0,0
1,1,0,0,0,0,0,0,0,25,0,0,0
1,1,1,0,0,0,0,0,0,1,0,1,0
1,0,1,0,0,0,0,0,0,25,1,0,0
1,1,0,0,0,0,0,4,118.1,0,0,0,1
1,0,0,0,0,0,0,2,46.5,2,0,0,0
1,1,0,0,0,0,0,4,145.1,0,0,1,1
1,0,0,0,0,0,0,4,57,0,1,0,0
1,1,1,0,0,0,0,4,69,0,1,0,0
0,0,0,0,0,0,0,4,98.1,0,0,0,0
1,1,1,0,0,0,0,4,82.1,0,1,0,0
1,1,0,0,0,0,0,3,67.3,0,0,0,0
0,0,0,0,0,0,0,2,37.8,13,0,0,0
1,1,1,0,0,0,0,4,49.9,0,0,0,1
1,1,0,0,0,0,0,3,24.4,4,0,0,0
0,0,0,0,0,0,0,4,211.2,0,0,1,0
0,0,0,0,0,0,0,4,32.8,0,0,0,0
2,0,0,0,0,0,0,2,6.9,0,0,0,1
0,0,0,0,0,0,0,3,73.3,0,0,1,0
1,1,0,0,0,0,0,0,0,3,1,0,0
1,1,0,0,0,0,0,3,58.1,1,0,0,0
1,1,0,0,0,0,0,0,0,4,0,0,1
0,0,0,0,0,0,0,1,5.9,7,0,0,0
1,0,0,0,0,0,0,4,186.5,0,0,0,0
0,0,0,0,0,0,0,2,47.4,25,0,0,0
0,0,0,0,0,0,0,4,151.9,0,0,0,0
0,0,0,0,0,0,0,4,206.5,0,0,1,0
0,0,0,0,0,0,0,0,0,9,0,0,0
0,0,0,0,0,0,0,1,19.4,0,0,0,0
0,0,0,0,0,0,0,4,252,0,0,1,1
1,0,1,0,0,0,0,2,13.4,0,0,0,1
0,0,0,0,0,0,0,3,39.4,0,0,0,0
0,0,0,0,0,0,0,3,78.6,0,1,0,0
0,0,0,0,0,0,0,0,0,4,0,0,0
0,0,0,0,0,0,0,1,2.9,25,0,0,0
0,0,0,0,0,0,0,3,123.1,0,1,0,0
1,1,0,0,0,0,0,4,53,0,0,0,0
0,0,0,0,0,0,0,4,131.7,0,1,0,0
0,0,0,0,0,0,0,4,112,0,0,0,0
0,0,0,0,0,0,0,4,169.1,0,1,0,0
0,0,0,0,0,0,0,0,0,5,1,0,1
0,0,0,0,0,0,0,1,1.9,3,0,0,1
0,0,0,0,0,0,0,3,27.5,0,1,0,0
0,0,0,0,0,0,0,3,119.4,0,1,0,1
1,1,0,0,0,0,0,0,0,3,0,0,0
0,0,0,0,0,0,0,3,11.5,1,0,1,1
0,0,0,0,0,0,0,1,1.9,1,0,0,0
1,1,0,0,0,0,0,0,0,19,1,0,0
0,0,0,0,0,0,0,4,191.3,0,0,0,1
